Price,Close,High,Low,Open,Volume
Ticker,GOOGL,GOOGL,GOOGL,GOOGL,GOOGL
Date,,,,,
2020-01-02,67.83251190185547,67.83251190185547,66.73276652225083,66.82792341596551,27278000
2020-01-03,67.47764587402344,68.0837746951453,66.77388729056945,66.80759262369992,23408000
2020-01-06,69.2762222290039,69.30149556378939,66.95629344220531,66.98751077493854,46768000
2020-01-07,69.14239501953125,69.55821012407621,68.96645724727993,69.40754568235849,34330000
2020-01-08,69.63452911376953,69.97203621725023,69.0194842397815,69.12801890142514,35314000
2020-01-09,70.36556243896484,70.8061518370151,69.89076858429041,70.47161667281351,33200000
2020-01-10,70.82003021240234,71.11640582320393,70.35614880232912,70.84531111023372,26258000
2020-01-13,71.36866760253906,71.44052494087894,70.64210838991625,71.13176223123057,30730000
2020-01-14,70.90081024169922,71.49751649539529,70.76104311691866,71.36717204334909,26076000
2020-01-15,71.32752227783203,71.40583028391339,70.95383692655207,71.02124004178174,21550000
2020-01-16,71.87069702148438,71.89746012954802,71.36715886086877,71.63726282546601,26080000
2020-01-17,73.3258056640625,73.3768514456116,72.18740154979925,72.48426869061286,52424000
2020-01-21,73.46109771728516,73.83924479854635,72.86438398250405,73.30001994688953,48930000
2020-01-22,73.54138946533203,74.36954862534002,73.48142768998797,73.831821043348,28458000
2020-01-23,73.58203125,74.01866551266389,73.36545345637307,73.72377971062164,26650000
2020-01-24,72.66417694091797,74.0533557502206,72.51598536486014,73.98496196506716,29786000
2020-01-27,70.95731353759766,71.19768245755475,70.35118456784836,70.94789842652807,34132000
2020-01-28,71.88755798339844,72.10066465532061,70.88940505128319,71.45340418513541,29724000
2020-01-29,72.19483184814453,72.56356386926777,71.63430381972567,72.2820558505161,21566000
2020-01-30,72.07340240478516,72.12295839747925,71.11936068796703,71.2729971212912,27110000
2020-01-31,71.00934600830078,72.83763191582841,70.72585665176216,72.74792746502517,43822000
2020-02-03,73.47845458984375,73.66183373200143,72.19037662681714,72.4401606618482,71636000
2020-02-04,71.63529205322266,72.7221511823301,70.47656803193662,72.08530406404785,95880000
2020-02-05,71.66700744628906,72.58536256030895,70.85570477873623,72.53728878225081,36376000
2020-02-06,73.14986419677734,73.42691043576079,71.88656813376596,71.96090591264428,37822000
2020-02-07,73.30548095703125,73.60978185657574,72.6265040449633,72.72463293664772,28360000
2020-02-10,74.77000427246094,74.78090916442083,73.11171202305549,73.21232137301007,38302000
2020-02-11,74.83938598632812,75.82168077098233,74.61091262722508,74.99847489323436,34852000
2020-02-12,75.26411437988281,75.34687659684808,74.7704903895511,75.12682771259597,31042000
2020-02-13,75.0044174194336,75.62689608164477,74.53903875028274,74.83640497378897,22914000
2020-02-14,75.26907348632812,75.33449526939701,74.6158614465477,75.06092014232502,23198000
2020-02-18,75.30425262451172,75.85536548197403,74.88645620269631,75.05149664126672,25642000
2020-02-19,75.57337951660156,75.8643026659883,75.38059282964247,75.68885642045224,22746000
2020-02-20,75.1828384399414,75.68240645418584,74.55192774826135,75.2829486635649,25962000
2020-02-21,73.52107238769531,74.8834956332235,73.27475947782071,74.56779071017739,42520000
2020-02-24,70.36902618408203,71.18777031653599,69.72127408586704,70.52712443129799,49560000
2020-02-25,68.70675659179688,71.21104711521028,68.41435127649457,70.92112224638342,51580000
2020-02-26,68.91242980957031,70.06223775405306,68.22254806781541,69.13594979993545,49776000
2020-02-27,65.16963958740234,67.86821503169102,65.13445202212935,67.35972332978776,62290000
2020-02-28,66.37395477294922,66.53254456868979,62.85317207191718,63.15549166870897,80198000
2020-03-02,68.70675659179688,68.76374636203735,65.67761720638778,66.97560913503754,55430000
2020-03-03,66.2981185913086,69.7906479427087,65.87784169688798,69.26976927543198,56602000
2020-03-04,68.47283935546875,68.53131891334556,66.26243609006487,67.35078505307477,47598000
2020-03-05,65.16021728515625,67.08663985146644,64.50998472744404,66.68618377455482,54380000
2020-03-06,64.21757507324219,64.5649888842822,62.30800530544465,62.93940759811256,64640000
2020-03-09,60.25520706176758,62.085973437860574,59.37550676498299,59.718466349939796,69252000
2020-03-10,63.1981086730957,63.23181023125932,60.19176558217221,62.16824305070715,54872000
2020-03-11,60.012855529785156,62.2941293736132,59.03354029669556,61.86493643205561,54732000
2020-03-12,55.089012145996094,58.91508605796514,54.93636636348303,55.63764838838644,94326000
2020-03-13,60.17987060546875,60.1863137168854,55.12568453350552,58.233132133653775,79400000
2020-03-16,53.1784553527832,56.77010434529723,52.885055565048226,54.00165359735801,96520000
2020-03-17,55.411651611328125,55.80516162378033,51.99395905552296,54.05270334557388,83194000
2020-03-18,54.07996368408203,54.763897729434355,51.394275053932354,52.53119691195089,93044000
2020-03-19,55.0949592590332,57.12396841730102,52.313622306797946,53.932764120819286,74064000
2020-03-20,52.94105911254883,56.4236781479315,52.638244210911644,56.048007686267525,82878000
2020-03-23,52.24324417114258,52.87662770446044,50.00013402704838,52.354259277931504,83672000
2020-03-24,56.00389862060547,56.1684399560884,53.84404970701331,54.71383949660357,72468000
2020-03-25,54.59688186645508,56.80480098996258,53.67456021178784,55.734790654308775,90324000
2020-03-26,57.63493347167969,58.0591730147804,54.121588919875315,55.24611599341707,76562000
2020-03-27,55.02507781982422,57.04665313941578,54.71482915567299,55.87801492498947,62794000
2020-03-30,56.81174087524414,57.044180684671595,54.44175700603659,56.13424989783676,58736000
2020-03-31,57.58686828613281,58.15433479541037,56.336454583263325,56.93167865462306,65228000
2020-04-01,54.62066650390625,55.974661472404435,54.19395025688407,55.706043456891315,51970000
2020-04-02,55.360599517822266,55.64507571589346,54.1761031695777,54.51658225154114,56410000
2020-04-03,54.1547966003418,55.44783157309285,53.28154321364978,55.24562600577843,51374000
2020-04-06,58.639530181884766,59.0142061972001,55.755602497061574,56.152088293952644,63320000
2020-04-07,58.60831069946289,60.502517628561925,58.34514510861822,60.31567115560126,61620000
2020-04-08,59.8195686340332,60.21109734308198,58.67719806698127,59.62628283580481,40334000
2020-04-09,59.79825210571289,60.56247544600904,59.09697009884195,60.37365144573341,54028000
2020-04-13,59.988563537597656,60.192258866216356,58.59690446874591,59.54697977355513,38702000
2020-04-14,62.70547866821289,63.22685269710416,60.887099444718835,61.453579036793315,63358000
2020-04-15,62.312461853027344,63.195134097542535,61.15770048868612,61.77770250465346,42236000
2020-04-16,62.31890106201172,63.10840152659315,61.36585370716055,62.80013418506722,57896000
2020-04-17,63.38792419433594,63.93308931599049,62.74363573527321,63.52173597337611,51050000
2020-04-20,62.503265380859375,63.27987960151955,62.26983493676543,62.93642471323275,35292000
2020-04-21,60.07530212402344,61.95067114702243,59.72044698572963,61.58937667810342,49648000
2020-04-22,62.36747360229492,63.43153606448749,61.31629358182884,61.51007469601736,46296000
2020-04-23,62.9998664855957,63.84140722065894,62.472544668602076,62.73075313152235,34202000
2020-04-24,63.26898193359375,63.32399415868227,61.65330740481523,62.198472543384035,37402000
2020-04-27,62.9845085144043,64.13629803011247,62.69705646864389,64.03221756640986,44186000
2020-04-28,61.08781814575195,63.673388769392936,60.97828903607546,63.5960789970159,80700000
2020-04-29,66.51914978027344,67.40975100521514,65.75344053982592,66.65890931799292,108358000
2020-04-30,66.74317169189453,66.90672236515653,65.49424409029045,65.98291477764961,55842000
2020-05-01,65.28707885742188,66.97759396680019,64.90744952945606,65.62260463477621,48872000
2020-05-04,65.56363677978516,65.64145324251461,64.23095612274317,64.83163266643618,30806000
2020-05-05,66.85814666748047,67.94798532924645,66.16480134457395,66.28721289666468,39666000
2020-05-06,66.68021392822266,67.83299368674318,66.66534637634712,67.30319157621601,31732000
2020-05-07,67.86225128173828,68.19530421185752,67.0326098611395,67.4672552406405,30652000
2020-05-08,68.60862731933594,69.21821972421975,67.99754513410797,68.48373532754027,33326000
2020-05-11,69.56266784667969,70.1544207533012,68.17051714278251,68.23444914371004,32718000
2020-05-12,68.15464782714844,70.09493912167385,68.12144160874564,69.79212805419837,33918000
2020-05-13,66.8239517211914,68.65769754561923,65.81688281069327,68.20322375431489,40368000
2020-05-14,67.24671936035156,67.27199269584207,65.58346617829078,66.08997649082319,36660000
2020-05-15,68.04957580566406,68.1249042358689,66.3615413837583,66.82047687656434,41544000
2020-05-18,68.65026092529297,69.02592758289641,67.11487206226282,67.48063205826992,47094000
2020-05-19,68.11600494384766,69.01255036140522,68.0842884983356,68.66513655434181,31586000
2020-05-20,69.83871459960938,69.98095458703384,68.76127070528746,68.84750402851577,38262000
2020-05-21,69.71927642822266,70.2005057215295,69.10670447181921,69.92941107697126,30894000
2020-05-22,70.04092407226562,70.22726760663576,69.18402059567988,69.57802589109073,28544000
2020-05-26,70.44385528564453,71.62042645531723,70.34622550732381,71.46430955805518,44590000
2020-05-27,70.38983917236328,70.64111296949386,69.11712797478641,70.37596228255275,31684000
2020-05-28,70.28874206542969,71.58821644638739,69.33916194732967,69.38475528420979,35170000
2020-05-29,71.04602813720703,71.20511704791316,70.17673735022835,70.39727782191743,37044000
2020-06-01,71.11293029785156,71.44548411572828,70.48896178135337,70.6584640274907,25162000
2020-06-02,71.48165130615234,71.5158481937541,70.45574467809989,71.1193624308014,23442000
2020-06-03,71.33000183105469,71.8137116263457,70.9518547053143,71.50098628255836,27732000
2020-06-04,70.09346008300781,71.4325912261773,69.6826058547975,71.20758143939362,26982000
2020-06-05,71.36817932128906,71.67942252513744,69.76241485411333,70.15989141446201,42642000
2020-06-08,71.76564025878906,71.81321492577551,70.59799261823765,70.6872055170517,33878000
2020-06-09,71.96585845947266,72.74495316037958,71.48412999551343,71.62686911667684,33624000
2020-06-10,72.59131622314453,72.99126556620439,72.07886198518231,72.43321799548916,31762000
2020-06-11,69.4789047241211,71.94206354627978,69.305938967106,71.4182053825884,47144000
2020-06-12,70.02507781982422,71.09508812261465,68.68099326977082,70.6663867539515,36676000
2020-06-15,70.41264343261719,70.62376878994888,68.75038100177098,68.86387657318849,30468000
2020-06-16,71.68782806396484,72.21812185182957,70.82150937457023,71.81321161861592,30648000
2020-06-17,71.98865509033203,72.46741153025238,71.12580754686152,72.00848353832393,30610000
2020-06-18,71.07575988769531,72.00997330472221,70.68521806962335,71.85534618092774,34862000
2020-06-19,70.6059341430664,71.59020277508219,70.32640741745521,71.36718184428655,52784000
2020-06-22,71.89547729492188,71.90985329738507,70.3358133685618,70.62425602292842,29442000
2020-06-23,72.55562591552734,73.11169968828236,71.61496948877875,71.96189170393863,37752000
2020-06-24,71.00538635253906,73.14094525944436,70.87157077976596,72.52094696988216,31592000
2020-06-25,71.42169189453125,71.48215278669201,70.35316378712089,70.93203051023997,23958000
2020-06-26,67.52820587158203,71.21947330997806,67.15452055099803,71.00190487444962,97640000
2020-06-29,69.24449920654297,69.28563832778552,66.98850239605058,67.41918513389703,45074000
2020-06-30,70.27931213378906,70.57419791827895,68.73698854618216,69.23012100555543,40286000
2020-07-01,71.46629333496094,71.78745069882932,70.08752033557674,70.33483147032733,42182000
2020-07-02,72.85051727294922,73.77185199898827,71.91580477152797,71.95397188987388,57218000
2020-07-06,74.32345581054688,74.83640917181805,73.19991930923392,73.75351267291511,44712000
2020-07-07,73.84123992919922,75.39744054043872,73.83033503772904,74.14901196321672,42364000
2020-07-08,74.51922607421875,74.89440122654209,73.95918956859587,74.380457171251,31766000
2020-07-09,75.2656021118164,75.7849985849552,74.12224472312172,74.83293808896195,41836000
2020-07-10,76.27416229248047,76.38963919030913,74.37649193816277,74.9974808669184,35918000
2020-07-13,74.9469223022461,78.12523624251365,74.66591343746863,76.81584791395909,42954000
2020-07-14,75.37464141845703,75.47078898613607,73.64349364825239,73.98348124835574,38108000
2020-07-15,75.17737579345703,76.14132413482672,74.23324833594536,75.4920824251821,31026000
2020-07-16,75.08026123046875,75.12932568486656,73.75946850260259,74.41515352943797,26484000
2020-07-17,75.17588806152344,75.50199870551376,74.24662813216946,75.17886005983264,34264000
2020-07-20,77.50475311279297,77.76098024738981,74.47462260455251,75.08421510478026,30166000
2020-07-21,77.11223602294922,78.65505895981372,76.94868532713635,78.55494872209368,27486000
2020-07-22,77.55480194091797,77.6603646078769,76.48330192524752,77.10181793412379,24482000
2020-07-23,75.17094421386719,77.827389236186,74.7665255226966,77.60833100238632,33910000
2020-07-24,74.74769592285156,75.10552305492557,73.72575942026643,74.30066345548695,29902000
2020-07-27,75.79936218261719,76.20229106815995,74.95188130787318,74.99797375278568,27124000
2020-07-28,74.5217056274414,75.62987550532888,74.3665793891612,75.57982039046628,30910000
2020-07-29,75.50596618652344,75.99264795596048,74.4899737531513,74.58860175422343,22676000
2020-07-30,76.24244689941406,76.36733890949552,74.10142804829563,74.24019694838614,36042000
2020-07-31,73.74359130859375,74.58958993707091,72.06100916107408,74.19459395635562,91468000
2020-08-03,73.48637390136719,74.2282920907646,72.93922369965598,73.89475522037439,45482000
2020-08-04,73.01753997802734,73.99933560623647,72.55811283263415,73.68214847232768,37212000
2020-08-05,73.30448913574219,73.84519626003934,72.91444645952018,73.19199180453877,29134000
2020-08-06,74.58612060546875,74.65154238351218,72.94814864418152,73.15878241875599,33306000
2020-08-07,74.26002502441406,75.33647844212679,73.6603391959197,74.78883662265774,27718000
2020-08-10,74.18318939208984,74.69514441917217,73.22517753441542,73.88483254722767,20546000
2020-08-11,73.3763656616211,74.85822859764728,73.25989808481575,74.04344711201892,31098000
2020-08-12,74.69962310791016,74.9191804606546,73.59739725191154,73.7024683730162,22512000
2020-08-13,75.16598510742188,76.17306163204127,74.74769707911409,74.74769707911409,22388000
2020-08-14,74.57027435302734,75.32161534911621,74.29124675715514,75.01532552370992,21942000
2020-08-17,75.14566040039062,75.51935329930157,74.58860350836233,75.13228262566284,19990000
2020-08-18,77.10529327392578,77.18409283335072,75.4147856047771,75.6353260607761,28378000
2020-08-19,76.55168914794922,77.7535335071176,76.32321583173594,76.94222333952494,30472000
2020-08-20,78.11979675292969,78.31407321175054,76.048661480078,76.32173749907452,26382000
2020-08-21,78.08610534667969,78.89443614081047,77.42893057340312,77.8992550883614,34838000
2020-08-24,78.56088256835938,79.73200128949749,78.0598247678244,78.92366302638288,25638000
2020-08-25,79.58677673339844,79.73694204689417,78.20056266328037,78.31058709527157,25150000
2020-08-26,81.48395538330078,81.9131558254161,79.3454247617791,79.60908564477356,52188000
2020-08-27,80.7103271484375,81.67526631440305,80.22909022649999,81.60687253223567,31350000
2020-08-28,81.25102996826172,81.34618686734322,80.56610901540381,80.75741347984508,22418000
2020-08-31,80.76038360595703,81.50230188313334,80.55223025727368,81.45620943407884,26422000
2020-09-01,82.02664947509766,82.23183081944713,80.76038141438515,80.89072586563118,22652000
2020-09-02,85.11476135253906,85.54643467567958,82.27989831423639,82.66746052539978,49522000
2020-09-03,80.7593994140625,84.25291996362634,79.6789756844659,84.22912884691586,63726000
2020-09-04,78.36561584472656,81.03097686022531,76.22261573733604,79.74289901970272,55850000
2020-09-08,75.51042938232422,77.09388450025051,75.158546265931,75.57981382695054,54032000
2020-09-09,76.68154907226562,77.2509930776457,75.58823926894804,76.76431129264915,39242000
2020-09-10,75.6318588256836,77.99143688650432,75.3320196805938,76.82775941751073,33024000
2020-09-11,75.12188720703125,76.25880159487603,73.99487948244801,75.73594152014101,30706000
2020-09-14,74.77840423583984,77.1657353739117,74.5940420485624,75.90937425897054,42660000
2020-09-15,76.08137512207031,76.86790369780455,75.43610346676509,75.72305640030964,23042000
2020-09-16,74.93998718261719,77.03540497341557,74.9152054033124,76.44613252697442,22128000
2020-09-17,73.69850158691406,74.27439632270638,72.48030722418932,73.63754157922925,40008000
2020-09-18,71.91679382324219,74.10291435499147,70.9518546797174,73.76094545210748,63056000
2020-09-21,70.87849426269531,71.37012929524799,69.51756113248283,70.95184136058226,56908000
2020-09-22,72.3494644165039,72.55514489120695,70.84679000199299,71.87864080173308,33950000
2020-09-23,69.8501205444336,72.01542196505994,69.51757431347869,71.9663575191047,37726000
2020-09-24,70.51770782470703,71.26755903816468,69.49130946306941,69.5175810262179,34552000
2020-09-25,71.32058715820312,71.6615578347478,69.76537731139764,70.62624357149211,30326000
2020-09-28,72.2919692993164,73.00217110673873,71.6784141659313,72.95261510869759,30784000
2020-09-29,72.65674591064453,72.95311394929331,72.06102270971172,72.5521738963951,31816000
2020-09-30,72.63591003417969,73.65685572078714,72.14823763564146,72.4049562752615,40924000
2020-10-01,73.74111938476562,74.09647363654604,73.19099712373635,73.5309847051695,32884000
2020-10-02,72.14030456542969,73.30150890556004,71.73143171499024,72.34003343614484,31222000
2020-10-05,73.48986053466797,73.5825369933436,72.36285278599648,72.48972613950124,21602000
2020-10-06,71.913330078125,73.5736034655769,71.61547229083051,73.12657100866626,26096000
2020-10-07,72.31575775146484,72.80293864392578,71.0316426314214,72.32418219519838,36108000
2020-10-08,73.51958465576172,73.74755887897275,72.62848419076307,72.62848419076307,26076000
2020-10-09,74.85871124267578,74.92809569109109,73.69651605996611,73.98694007707145,32966000
2020-10-12,77.54191589355469,78.72294124362386,75.79292119611887,76.22410298533136,55344000
2020-10-13,77.66482543945312,78.5613783321132,77.2465374414875,78.15745877492236,39072000
2020-10-14,77.48492431640625,78.49645507443054,76.61563357234498,78.0380261496372,33174000
2020-10-15,77.08992767333984,77.87942818375831,76.37923428577766,76.5462485174522,31210000
2020-10-16,77.69605255126953,78.1921494513825,77.19846587067573,77.40512942894904,34194000
2020-10-19,75.82514953613281,78.5004327006998,75.47674503291947,78.1039468484506,29734000
2020-10-20,76.87235260009766,78.00035081850514,75.35679216195857,75.48614593995441,41670000
2020-10-21,78.60250854492188,80.04720230384581,77.66829522867764,77.80260233594682,60322000
2020-10-22,79.62692260742188,79.96194925473011,78.18074668147393,78.55344132865221,30512000
2020-10-23,80.9313735961914,80.98787182595748,79.88712810599611,80.04275346677193,30548000
2020-10-26,78.51826477050781,80.76285741115254,77.70001980831707,80.04026846122382,35826000
2020-10-27,79.24134063720703,79.39596773671335,78.15646293187241,78.74821578247979,25902000
2020-10-28,74.87606048583984,77.00765664920016,74.7610827015147,76.81933175028874,45174000
2020-10-29,77.1598129272461,78.73880642032361,75.16103405027546,75.18432605139941,55406000
2020-10-30,80.09527587890625,83.32712413026837,79.37466827076221,82.63922363317832,99878000
2020-11-02,80.50216674804688,82.18325914696204,80.00259120096713,80.46350808110766,44228000
2020-11-03,81.55978393554688,82.22092126461291,79.89703016999084,80.82133683336055,31432000
2020-11-04,86.5252685546875,87.72364199998071,84.40159768740916,84.52946169743666,71342000
2020-11-05,87.35044860839844,88.80356697686386,86.28638227990174,87.74445397974725,39758000
2020-11-06,87.21318054199219,87.64782597276671,86.07080605885639,86.79736533518684,28622000
2020-11-09,87.29692077636719,90.04604232881928,87.10512476391894,89.00973736210345,53440000
2020-11-10,86.1223373413086,87.19581874690427,85.05182793444769,85.72833198232598,43022000
2020-11-11,86.59366607666016,87.37027284342858,86.38699493395451,86.65164652421126,31838000
2020-11-12,86.37510681152344,87.47337016900725,86.13473786877395,86.33446680213738,26474000
2020-11-13,87.83415222167969,88.07551178373636,86.03610062019943,86.63181619049185,29744000
2020-11-16,87.921875,88.92845236010726,87.29245409409869,87.43172210004694,25468000
2020-11-17,87.30880737304688,88.07600646877577,87.20126337757758,87.61608025286607,21314000
2020-11-18,86.26704406738281,87.47434095308526,86.16445340083658,87.06001562220402,20108000
2020-11-19,87.15565490722656,87.39949488250359,85.74070395281,85.89979282391478,20106000
2020-11-20,86.05591583251953,87.64086066015253,85.9875220571306,87.32565489367907,27694000
2020-11-23,85.61880493164062,86.53220683419836,84.7574470410167,86.24624457507814,22530000
2020-11-24,87.4198226928711,87.54768668835644,85.2802938462471,85.61581961817127,27984000
2020-11-25,87.43122863769531,87.74098199849014,86.64966101469372,87.61361710340941,19600000
2020-11-27,88.565673828125,89.06078767442922,87.45155234828248,87.45155234828248,14790000
2020-11-30,86.94898986816406,88.23458703592863,86.62386990677268,88.00215106799679,32418000
2020-12-01,88.97900390625,90.28542045446022,87.3767108902,87.55661890732226,37350000
2020-12-02,90.44647979736328,90.8315691182876,88.4739727700538,88.97899319228088,29424000
2020-12-03,90.29136657714844,91.3811977041033,90.05148923543042,90.22693546266429,24728000
2020-12-04,90.38652801513672,90.67100047469899,89.88249064101637,90.21108177907736,20544000
2020-12-07,90.05298614501953,90.66059731465431,89.35963318737376,89.97963146661887,22288000
2020-12-08,89.77047729492188,90.0004404045314,88.7767937591403,89.6312168567799,19936000
2020-12-09,88.1116943359375,90.61500208868797,87.32566494275066,89.72241179325566,31728000
2020-12-10,87.60568237304688,87.96945350590143,85.91467559079892,87.35539924282726,28688000
2020-12-11,87.96003723144531,88.08443768580932,86.86673495252047,87.22654341563204,18628000
2020-12-14,86.84293365478516,88.70343487026673,86.68780744073449,87.7578251565572,33050000
2020-12-15,87.28007507324219,87.42478797554355,86.31810785244136,87.21960661761919,21352000
2020-12-16,87.0872802734375,87.67804256144234,86.6843589008534,87.67804256144234,24676000
2020-12-17,86.26060485839844,87.55909602721862,85.79672351081625,87.42131779941667,34880000
2020-12-18,85.5523910522461,86.64966362908457,84.99632476660608,86.54112895212512,85256000
2020-12-21,85.9657211303711,86.08665047301542,83.95554588894409,84.70539704892414,33974000
2020-12-22,85.25503540039062,85.86908971681392,84.53938106745055,85.70652969038704,20370000
2020-12-23,85.65201568603516,86.43903583311996,85.30360361911458,85.43890898248806,22974000
2020-12-24,85.94589233398438,86.35476521041882,85.45970212371107,85.69015678249487,9312000
2020-12-28,87.91839599609375,88.56466573176412,86.3255258833646,86.4786632023986,27650000
2020-12-29,87.11552429199219,88.63752786002674,86.98418918004275,88.5760763070987,19726000
2020-12-30,86.04947662353516,87.61112952417417,85.64060373303981,87.4743419671934,21026000
2020-12-31,86.86178588867188,87.10264635469892,86.04155201970197,86.10003914197051,21070000
2021-01-04,85.54793548583984,87.34994988769441,84.60677983237008,87.22654765590151,37324000
2021-01-05,86.23782348632812,86.57384087549532,85.0904957295957,85.49639668938146,20360000
2021-01-06,85.38684844970703,86.43208444826773,84.05962045926168,84.26579245837004,46588000
2021-01-07,87.9372329711914,88.10969962135877,85.57913758743977,85.57913758743977,41936000
2021-01-08,89.1014175415039,89.17724509831527,87.28700106093784,88.07700063431957,35484000
2021-01-11,87.04266357421875,88.43482172822067,86.83699069876916,88.07005241001238,34796000
2021-01-12,86.10795593261719,87.61806393795727,85.06470881881626,86.500970600687,29528000
2021-01-13,86.59464263916016,87.04762662802848,85.60689554864183,85.60689554864183,23432000
2021-01-14,85.78532409667969,87.60073138346526,85.54495518482686,86.67493484651867,29212000
2021-01-15,85.62177276611328,86.61298351886033,84.8332704806772,85.69115721631205,31444000
2021-01-19,88.43930053710938,89.39928644937088,85.8799935070657,86.38402335551918,41660000
2021-01-20,93.17727661132812,94.15113930596509,90.17589074243995,90.51587074805265,64152000
2021-01-21,93.37947845458984,95.75491452808738,93.14456200327876,93.85030958575864,58634000
2021-01-22,93.79627990722656,94.38258034216909,93.00033636251251,93.74176301889445,32744000
2021-01-25,93.88152313232422,95.24642668111035,92.14096048462264,94.79641468314033,50586000
2021-01-26,94.55902099609375,94.94559256063314,92.98200896097454,93.47067208076419,31462000
2021-01-27,90.14765167236328,93.1971117881308,89.07417014164034,92.92155529316787,82512000
2021-01-28,91.8455810546875,93.56978632762217,90.74533664502225,90.74533664502225,55278000
2021-01-29,90.56492614746094,91.56506030256809,89.28627113117517,90.89499945801929,44530000
2021-02-01,93.82156372070312,94.9351859580172,91.41886545698281,91.41886545698281,40252000
2021-02-02,95.11262512207031,96.61182843728612,94.4807236974962,94.81575797043995,66332000
2021-02-03,102.03919982910156,104.40522092105503,99.79261830171446,102.37274430388717,97882000
2021-02-04,101.77900695800781,102.55561366138531,100.86064423524446,102.1254300837505,48596000
2021-02-05,103.52352142333984,103.87589607151482,101.59908818939329,102.0728837181395,29866000
2021-02-08,103.30992889404297,104.82053612407776,102.26073770644324,104.07712806646019,28828000
2021-02-09,102.8574447631836,104.00328263700314,102.5903127397753,102.82820120258684,21892000
2021-02-10,103.40706634521484,104.02161972399544,101.71011556158754,103.24153433379384,25102000
2021-02-11,103.51957702636719,103.77976683417323,102.53381868080754,103.63109126533446,20480000
2021-02-12,103.83082580566406,104.05235695264102,102.76725094248431,103.07453144685773,18990000
2021-02-16,104.607421875,106.31428677278258,103.668247646045,103.668247646045,31004000
2021-02-17,104.99994659423828,105.18926972453114,103.49975268099251,103.77877270157512,20294000
2021-02-18,104.36506652832031,105.16696166739435,103.74655051019732,104.32492564110814,22546000
2021-02-19,103.52252960205078,104.99794906866703,103.25589673213236,104.46319354848602,37938000
2021-02-22,101.81022644042969,103.10227454350802,101.49998153147995,101.77751932937039,29466000
2021-02-23,102.10064697265625,102.71420966814658,98.6368619382917,99.81442376891242,34658000
2021-02-24,103.27473449707031,103.49825450138255,100.48547224750138,100.60986513415875,22608000
2021-02-25,99.91156768798828,103.23460268506196,99.442725419644,101.89299855167025,41548000
2021-02-26,100.20693969726562,101.92222910849493,99.17112631812763,100.60540682700322,40042000
2021-03-01,102.5734634399414,102.89907502090055,100.82694907500807,101.49998201929594,26060000
2021-03-02,102.31672668457031,103.8164288749296,101.92966358597235,102.33456623773431,25564000
2021-03-03,99.68656921386719,102.88718520454555,98.82371397897086,101.69575393391699,33892000
2021-03-04,100.80266571044922,102.81779430199187,99.3901873806204,99.85803897102821,49216000
2021-03-05,103.93191528320312,104.38440020130358,100.49786526440951,102.15170316057323,53100000
2021-03-08,99.4927749633789,104.75808274317625,99.37828873496463,103.28713246318019,36868000
2021-03-09,101.12133026123047,102.28897784929946,100.88542314472488,101.58670894507843,33920000
2021-03-10,100.9146728515625,102.16409207051008,100.07907988733146,102.16409207051008,27100000
2021-03-11,104.10388946533203,104.63567305247624,101.9187671112629,102.00649022859612,27702000
2021-03-12,101.59910583496094,102.96747311515301,100.72783372970525,102.90800288778321,33818000
2021-03-15,101.81914520263672,101.84639986684593,100.49836027807162,101.35030296707097,26168000
2021-03-16,103.27870178222656,104.75510441844926,102.05950935577182,102.39156401591238,31900000
2021-03-17,103.19593811035156,104.02756080916568,101.30768292105009,102.51448074840832,26382000
2021-03-18,100.17869567871094,102.52835937144968,100.07164322644284,101.50889575281752,31700000
2021-03-19,100.45723724365234,100.9568053362936,99.26629746264385,100.5945239398953,46072000
2021-03-22,100.64208984375,101.51683304401001,99.81492131192749,100.49043471724453,33536000
2021-03-23,101.1694107055664,102.29839969901126,100.50877242544003,101.10101692123436,28510000
2021-03-24,100.7332763671875,102.47135862894248,100.55832169065704,101.6863199422794,25218000
2021-03-25,100.72981262207031,101.38301712802823,98.9272915511988,100.5608094927387,35616000
2021-03-26,100.3467025756836,101.07325412851259,99.31187234420693,100.69659679630594,27978000
2021-03-29,101.39044952392578,101.55995176525356,99.39117913290644,100.21933831690066,26492000
2021-03-30,101.42414855957031,102.22702679811378,100.91268499326586,101.74678812299072,27312000
2021-03-31,102.21958923339844,103.3961603316529,101.4504087988673,101.81715946283474,42570000
2021-04-01,105.55303192138672,105.84890836816066,103.6523896883466,103.69302968898464,39880000
2021-04-05,109.97284698486328,110.4699421342313,106.31775738977792,106.4139049523274,48510000
2021-04-06,109.49211120605469,110.42087973789896,109.12189695310158,109.57438188030405,35240000
2021-04-07,110.967529296875,111.23862398278051,109.68242342069358,109.68242342069358,24134000
2021-04-08,111.53250885009766,112.5911226113418,111.16476752079966,112.20504261453645,28664000
2021-04-09,112.5356216430664,112.69917231745536,110.87980246049328,111.28521181469488,26146000
2021-04-12,111.24456787109375,111.85267053734381,110.4119469730089,111.7153914284989,25024000
2021-04-13,111.73075866699219,112.17878937240846,111.16675951077738,111.5602733226947,25682000
2021-04-14,111.11024475097656,112.37503044207544,110.81833855373404,112.37503044207544,21002000
2021-04-15,113.25821685791016,113.79099869324847,111.56919891951989,112.1034629731022,29174000
2021-04-16,113.1343002319336,113.70375176722182,112.54799980990255,113.45594910977604,26282000
2021-04-19,113.48171997070312,114.19192171154751,112.51132846810592,112.51132846810592,30290000
2021-04-20,112.94894409179688,113.9396555787349,111.8640663877745,113.86481869435755,22288000
2021-04-21,112.91624450683594,112.99801605945058,111.2544738339239,112.60401072672376,23204000
2021-04-22,111.6360855102539,113.43810718398784,111.03144643374712,112.7700276640659,24146000
2021-04-23,113.98575592041016,114.29253725619483,112.06875636037209,112.35372791548767,29066000
2021-04-26,114.48136901855469,115.20495618404446,113.85640986234887,114.21324633268112,32038000
2021-04-27,113.54219055175781,114.90361539393929,113.3033038884258,114.86297539492868,44386000
2021-04-28,116.915283203125,120.50048895349634,116.62684053810642,118.57357518868605,81106000
2021-04-29,118.58646392822266,119.15145371385512,117.64927102297919,118.41151681600597,41234000
2021-04-30,116.64071655273438,118.04575341768243,116.29676633533462,117.36033342946197,44856000
2021-05-03,116.12429809570312,118.03089194443908,115.748631417019,117.20620391311888,28242000
2021-05-04,114.3277359008789,115.22775243296606,111.8422752076323,114.66078126628535,44818000
2021-05-05,114.72124481201172,115.7238519784705,114.39959590373067,115.40815462993878,26636000
2021-05-06,115.84031677246094,115.84031677246094,113.64428958784119,114.30294649647725,25190000
2021-05-07,116.56290435791016,117.52041727105686,116.2769421311953,117.15565548855925,28898000
2021-05-10,113.58035278320312,115.52560521194692,113.22301722709163,115.38385676397111,30914000
2021-05-11,112.5053939819336,113.01190425651544,110.7142769135845,111.16776007410847,34186000
2021-05-12,109.04556274414062,111.41109213197748,108.71697918414294,110.33116766435154,46376000
2021-05-13,110.47242736816406,110.98785364664872,109.3662312366163,110.32770690377507,33204000
2021-05-14,112.917724609375,113.23193971595805,111.51119796945952,111.93444685237745,31996000
2021-05-17,113.44010162353516,113.48272295866457,111.78428241583579,112.18374021644,21598000
2021-05-18,112.12922668457031,114.36986421874587,112.11534979452306,114.10570419354653,22204000
2021-05-19,112.57675170898438,112.74971749134802,110.29399964826719,110.44218365077748,23684000
2021-05-20,114.33368682861328,114.58396240325392,113.17248227319268,113.54319564211424,32352000
2021-05-21,113.69831085205078,114.92543627002019,113.45893261370185,114.85208159408714,40632000
2021-05-24,117.01441192626953,117.23792438170847,114.58197841685045,114.72719042691061,31832000
2021-05-25,117.1051025390625,118.15231234760691,116.7150598583625,117.55758744041395,22440000
2021-05-26,117.96944427490234,118.39962785894154,117.28302600020656,117.28599799895012,21572000
2021-05-27,117.09568786621094,118.40259591136595,116.77751007748608,118.40259591136595,35224000
2021-05-28,116.80674743652344,117.75929948137693,116.60850831851938,117.6775279248431,21482000
2021-06-01,118.0125503540039,118.23706102476314,116.67937078079298,117.67851435164249,23354000
2021-06-02,117.48770904541016,118.6300757232831,116.58421391694786,118.40754638485407,21158000
2021-06-03,116.3473129272461,116.81516447592351,115.45224982960987,116.25562715192257,18696000
2021-06-04,118.6266098022461,118.89721293095893,117.08230482741318,117.4222924042142,24458000
2021-06-07,119.05928039550781,119.16881330030914,118.00364606009472,118.42193410416897,24120000
2021-06-08,118.86796569824219,119.9127026145582,118.68657547258344,119.54050705313709,24240000
2021-06-09,119.33880615234375,119.5836292835186,118.79165587166284,119.5117719476187,17942000
2021-06-10,120.68635559082031,120.72947604269565,119.13263541543495,119.2882532089619,25904000
2021-06-11,120.44203186035156,121.01296573749107,119.88496731220096,120.92772305681348,21958000
2021-06-14,121.36930084228516,121.36979239425413,119.83738291214934,120.54411364612498,22098000
2021-06-15,120.35231018066406,121.6963871144153,119.99200260970889,121.37374754662788,21562000
2021-06-16,119.71099853515625,120.81471417778299,118.41994866002946,120.50347104008702,26472000
2021-06-17,120.6734619140625,121.44561439859767,119.44089162710867,119.6366578615454,25842000
2021-06-18,119.05531311035156,120.53419632623287,118.96015621393956,120.30027053137374,46116000
2021-06-21,120.7418441772461,120.92769616930957,118.84466559029332,119.44137934703816,27414000
2021-06-22,121.25531005859375,121.32420295984515,119.99994678817278,120.67991442988735,22390000
2021-06-23,121.0535888671875,122.01357468199771,120.76366397043704,121.0203826430331,19148000
2021-06-24,121.4233169555664,121.97393077663716,121.22507783037003,121.62155608076279,21362000
2021-06-25,121.4317398071289,121.55514959738011,120.49653574308054,120.92770999401274,34594000
2021-06-28,121.45899963378906,121.70581164707463,120.33843513053769,121.6002414137362,28526000
2021-06-29,121.19781494140625,121.93974078212915,120.62142867598224,121.59231941946096,23108000
2021-06-30,121.01641845703125,121.18244957571629,120.28787799190353,120.92225223112071,24474000
2021-07-01,121.36830139160156,121.5095431679097,120.46332403287062,120.65512003494412,18110000
2021-07-02,124.15657043457031,124.3017824350133,121.97789131366527,122.06759575847595,25982000
2021-07-06,125.08087921142578,125.31678632682912,123.48750228216251,124.5441347516448,26404000
2021-07-07,125.36238861083984,126.16526690597024,125.04421080406834,126.04434512220173,24060000
2021-07-08,123.9449462890625,124.49159740298323,122.93193339631354,122.93589606105768,23790000
2021-07-09,124.41529083251953,124.6293881853372,123.45678717042422,123.9261285574442,18632000
2021-07-12,125.8594741821289,125.95264974087195,124.5069652680736,125.06898305678112,17668000
2021-07-13,126.22225952148438,126.93196222420258,125.56112215124197,125.92192128117352,19240000
2021-07-14,127.1098861694336,128.18981821391048,126.79021860093354,126.83333904936362,23742000
2021-07-15,125.88871002197266,127.56881182649684,125.41788646020213,127.51826516357463,24218000
2021-07-16,125.8540267944336,126.68812995291671,125.04470541650979,126.54093661242045,20424000
2021-07-19,123.4830551147461,125.09575390814824,122.41948035880777,124.98126767561185,27968000
2021-07-20,125.10021209716797,125.92638235763302,123.25755022531956,124.42419961251387,26312000
2021-07-21,126.42794036865234,126.474524368803,124.91584338583961,125.02487717060785,20746000
2021-07-22,127.29275512695312,127.35372269021474,126.37837023776311,126.72033913018305,14302000
2021-07-23,131.84591674804688,132.22654439411656,128.65967646118105,129.2841290409823,41506000
2021-07-26,132.85691833496094,133.0571387651644,131.13864953195989,132.15663081880655,30572000
2021-07-27,130.7406768798828,133.21772036685556,128.9604724988499,133.0705270393317,54710000
2021-07-28,134.89781188964844,137.08145178263484,134.0884905988958,135.11389810308486,95130000
2021-07-29,134.58412170410156,135.45985560501686,134.35168567382115,134.95334530972397,31716000
2021-07-30,133.5423583984375,134.11528112375458,133.07500591131242,133.84814909697133,25576000
2021-08-02,133.66921997070312,134.1469781657833,132.6180400189408,133.92940973358665,21634000
2021-08-03,134.4379119873047,134.53900531485272,132.14771857757245,133.94725240636728,20762000
2021-08-04,133.9378662109375,134.45726275713403,133.30497408561808,134.15989647499984,19676000
2021-08-05,135.05397033691406,135.1516152605017,133.6608210871339,134.4879897474511,17870000
2021-08-06,134.54544067382812,135.27299799701225,134.02159758617466,134.84628556646607,20488000
2021-08-09,135.70960998535156,135.97823930808275,134.1499385485314,134.7476505132301,17760000
2021-08-10,135.6045684814453,136.56158228756237,135.16595290851137,136.13485470912244,19414000
2021-08-11,135.0812225341797,136.47237514518056,135.07378119338873,135.97578664479468,15352000
2021-08-12,135.98814392089844,136.09321502482874,134.2351943102001,134.78034802692147,16506000
2021-08-13,136.51695251464844,136.64483162994733,135.82856812035942,136.04365610364334,15948000
2021-08-16,137.09385681152344,137.14639993489493,134.10981879520125,136.31625185991177,22384000
2021-08-17,135.46034240722656,137.0502482689052,134.8859374907993,136.53927624045247,21716000
2021-08-18,134.25851440429688,135.89946615420885,134.13213260953893,135.30027185515118,19258000
2021-08-19,134.48745727539062,135.1540470600647,133.07003326839052,133.25390393778633,21782000
2021-08-20,136.2216033935547,136.34500562415587,134.06125518787377,134.80466325730745,31194000
2021-08-23,138.81063842773438,139.63630956779562,136.39802587425726,136.75684366705852,28454000
2021-08-24,140.01992797851562,140.83123074253442,139.10503630618481,139.3756318907388,19268000
2021-08-25,140.83023071289062,140.9397636176069,140.13342175774235,140.38022622324365,15848000
2021-08-26,140.1973419189453,141.1657446019955,140.1145645733413,140.50411569948363,20610000
2021-08-27,142.73828125,143.24231096552435,140.25331266092476,140.40744819973673,28780000
2021-08-30,143.31964111328125,144.6875166286591,142.89589312218945,143.13080955855443,24434000
2021-08-31,143.42572021484375,143.89555316910022,143.01289216673564,143.87127806313893,22448000
2021-09-01,143.9391632080078,144.96853350536102,143.61008051608152,143.72555741436526,21936000
2021-09-02,142.02761840820312,144.2404946102544,141.9265099500036,143.9396648071746,32342000
2021-09-03,142.47613525390625,142.88798016222196,141.14889962263817,141.82293077721366,19850000
2021-09-07,143.01239013671875,143.29438972638894,142.3567051696293,142.57031097305716,20124000
2021-09-08,142.4280548095703,143.13082285164162,141.74313388446112,142.8334717334425,18344000
2021-09-09,142.27935791015625,143.04209517575325,141.91905794701822,142.5762249942161,15314000
2021-09-10,139.63778686523438,143.44651225924972,139.50099932298838,142.94494785456573,36840000
2021-09-13,141.0814971923828,141.6935625224341,140.00850740514775,140.7018527362788,22094000
2021-09-14,141.29164123535156,142.1029591253105,140.5041295860025,141.73868129488542,19674000
2021-09-15,143.16006469726562,143.18087624925593,140.10515271027106,141.51663270038054,27408000
2021-09-16,142.34774780273438,143.03168550272133,141.149873724031,142.68525487427812,26190000
2021-09-17,139.56246948242188,142.18917178562248,139.23536813670114,141.7733642211635,53384000
2021-09-20,137.50022888183594,137.77826573862563,135.12381007029754,136.94713472876288,46518000
2021-09-21,137.81100463867188,138.78090469038185,137.06263570579478,138.5211988911411,25332000
2021-09-22,139.0504913330078,139.64868731901853,137.33371982330885,138.07960825207437,25056000
2021-09-23,139.97483825683594,140.45111435610144,139.16749808844298,139.74834620899532,20952000
2021-09-24,140.9650115966797,141.07950537458137,139.00836284376217,139.30324860172112,22984000
2021-09-27,139.83209228515625,140.69097726660868,138.83641973309338,139.5669415885207,21882000
2021-09-28,134.6361541748047,137.87393879510293,134.17028392552325,137.4363214393238,45772000
2021-09-29,133.17263793945312,135.94555070244238,132.68843655514806,135.77604845611555,30848000
2021-09-30,132.50106811523438,134.35116361737062,132.3821276786133,133.08143210735338,37996000
2021-10-01,135.34288024902344,135.70715804170354,132.8945886396275,133.26579353336834,35360000
2021-10-04,132.48471069335938,134.7654811569935,129.89814958771572,134.7654811569935,51202000
2021-10-05,134.8274383544922,136.0183854264284,132.8628642127643,132.8628642127643,32404000
2021-10-06,136.3559112548828,136.53928282638935,133.3674114045409,133.56565053252967,24364000
2021-10-07,138.0013427734375,138.81116340484482,137.43238263836326,137.67126180188504,25110000
2021-10-08,138.556884765625,139.097576749606,137.99386876227683,138.3502060903865,26526000
2021-10-11,137.69305419921875,139.47525527556462,137.63852974209917,138.0677377987258,17954000
2021-10-12,135.24974060058594,138.28086218891866,134.56678576661557,138.25409150890258,36332000
2021-10-13,136.3727569580078,136.7870823219551,135.31909643090742,136.19483027400855,19654000
2021-10-14,139.91038513183594,140.09523891303556,137.6048250070832,138.24812282051505,31894000
2021-10-15,140.12547302246094,140.47240282360914,139.51786944318084,140.3698121513104,30274000
2021-10-18,141.52308654785156,141.54093366501112,139.82960687486855,139.8365491009501,20396000
2021-10-19,141.97804260253906,142.39980927751645,141.346647938062,142.1272172677941,20164000
2021-10-20,140.52294921875,142.28433864697428,140.1338971977449,142.0781590742051,23288000
2021-10-21,140.63893127441406,140.90656241415812,139.26511158996246,140.52295525974566,26292000
2021-10-22,136.3573760986328,139.34735778624022,134.86015436540723,137.92695427249757,50588000
2021-10-25,136.2389373779297,136.7870707005219,134.23370805453146,136.3410289296942,34412000
2021-10-26,138.0840606689453,138.85174370106543,137.08888742885156,138.0394580079976,49236000
2021-10-27,144.932373046875,147.34348862949798,138.17974904752617,138.17974904752617,85782000
2021-10-28,144.5670928955078,145.86459342888665,143.3558332615814,145.84130142868378,36206000
2021-10-29,146.7447967529297,146.93907321937613,143.37814969215017,143.8028808506359,43320000
2021-11-01,142.2357635498047,146.74479239872048,141.96665019325252,146.74479239872048,46924000
2021-11-02,144.1542510986328,145.3204089612238,143.0668927959046,143.3087514833836,33482000
2021-11-03,145.3095245361328,145.37989965427468,143.32016075699752,144.61814533980774,27494000
2021-11-04,146.96432495117188,148.41744313308732,145.0220445618424,145.83136586908142,38412000
2021-11-05,147.54371643066406,149.00624241473633,146.89447456017774,147.85841557801552,38354000
2021-11-08,147.72113037109375,149.29120778593392,147.1258987759427,148.50814284863625,23052000
2021-11-09,147.609619140625,148.5175685400609,145.9508203469495,147.92135382889896,19530000
2021-11-10,144.6112060546875,146.76858990508995,143.2671365563009,146.20359249121142,29970000
2021-11-11,144.4853057861328,146.2387698135398,144.32076445094071,145.20195824365715,16518000
2021-11-12,147.37123107910156,147.5417315550425,144.1329471350042,145.32685883285086,22360000
2021-11-15,147.14720153808594,148.2350588729297,146.27791087379003,147.59176109433906,23508000
2021-11-16,146.5762939453125,147.45499226873417,146.0177396467435,146.84738864467752,18904000
2021-11-17,146.74575805664062,147.2537504824228,145.9458594225756,146.72642872326313,19594000
2021-11-18,148.52151489257812,149.25699753565374,146.58469452521086,146.9385513960959,35608000
2021-11-19,147.61752319335938,149.6396012782101,147.59026853190187,148.65729911523493,33682000
2021-11-22,145.01609802246094,148.512589853607,144.86296070061218,148.0199641044775,30594000
2021-11-23,144.5006866455078,145.37097563328547,142.84834603035105,144.86842802033317,27218000
2021-11-24,144.835693359375,144.96405646776765,143.10405430635475,144.19487604589696,18040000
2021-11-26,140.93333435058594,143.28696106170008,140.5958271690256,143.07979835205043,30470000
2021-11-29,144.25137329101562,145.01163011022243,142.62875298434784,142.73432320274722,32596000
2021-11-30,140.65032958984375,144.71676490782465,140.3569260142656,143.73397863340372,42068000
2021-12-01,139.811767578125,144.66771130937158,139.67349778643103,142.73435417388086,34020000
2021-12-02,141.7094268798828,142.60002820764856,138.98210021683846,140.00850599610223,29194000
2021-12-03,140.75338745117188,143.13080462386353,139.06783334148506,142.41813001017016,41230000
2021-12-06,141.89675903320312,142.5881230149532,138.9181661975633,141.78326347810582,30618000
2021-12-07,145.97509765625,146.23430432331102,143.9510381265825,144.31679812363797,32240000
2021-12-08,146.884033203125,147.0887305485921,145.11919542765767,146.29922253666786,24270000
2021-12-09,146.3408660888672,147.78952259539568,145.82196873525865,146.29378297525568,23270000
2021-12-10,146.70068359375,147.66810329721565,145.41458694967773,147.39304592455917,24458000
2021-12-13,144.5447998046875,146.66945372410888,144.23851000057718,146.48260348264037,27070000
2021-12-14,142.6421661376953,143.2101279735769,139.9738254109234,142.70263459263393,38446000
2021-12-15,145.1538848876953,145.43142268224105,140.43274769467823,142.148536251989,36370000
2021-12-16,143.1754608154297,146.379049010818,142.34481352589592,145.87700046513731,33650000
2021-12-17,140.4793701171875,142.5703265958565,140.05810246195654,141.24755251079608,50416000
2021-12-20,140.3623809814453,140.52841967849685,138.09647759296158,138.7695105661895,27192000
2021-12-21,142.21148681640625,142.60450151263055,139.26758970259098,140.80495248159482,28756000
2021-12-22,145.12811279296875,145.2123723601168,141.81004635956177,141.81004635956177,26322000
2021-12-23,145.62521362304688,146.94054613463166,145.16478825775857,145.2123704862323,26384000
2021-12-27,146.6065216064453,147.04017635281392,145.87599969483807,145.96174149021905,15976000
2021-12-28,145.39772033691406,146.9955515001699,144.77078743444807,146.93310171719043,18200000
2021-12-29,145.36599731445312,146.12130842393856,144.36736044495242,145.35559153853998,17788000
2021-12-30,144.91551208496094,146.00535087821257,144.71132895620318,145.4046743627597,15688000
2021-12-31,143.57888793945312,145.40915549994088,143.57888793945312,144.766356675686,18136000
2022-01-03,143.7171173095703,144.56905994450653,142.44985112763527,143.78005107792654,28646000
2022-01-04,143.13034057617188,145.19750561007717,142.45334497286012,144.11807263912576,28400000
2022-01-05,136.56405639648438,143.22945569243274,136.47783061916755,143.15065613098375,54618000
2022-01-06,136.5367889404297,138.71002316784708,135.35824405520043,135.79437916865325,37348000
2022-01-07,135.81271362304688,137.23163499485634,134.57320114440378,136.93128920152486,29760000
2022-01-10,137.45068359375,137.59937427004354,131.99407910389132,133.89075867659383,44408000
2022-01-11,138.5078125,138.9836045313537,135.49107504085617,136.7940204323314,28730000
2022-01-12,140.18740844726562,141.35456438559447,139.45788494003665,139.90937157216942,26108000
2022-01-13,137.36891174316406,141.59444309970127,137.19246729901857,140.29594448293275,31436000
2022-01-14,138.2545623779297,139.50497974939202,135.79438276109653,135.87416542111617,29662000
2022-01-18,134.80267333984375,135.92620981691346,134.24809688423744,134.9781195690153,34872000
2022-01-19,133.92892456054688,136.74693894623502,133.82881433443535,135.3235557494751,28648000
2022-01-20,132.1358184814453,136.41637384209355,131.79583090485298,135.05246087078947,29908000
2022-01-21,129.205810546875,133.6801282847316,128.943140301046,131.42810942176132,55652000
2022-01-24,129.65432739257812,130.04982252537027,123.40573418952586,124.87074048240562,76622000
2022-01-25,125.8193359375,128.26168373746512,125.38866078931534,127.60847923176541,46960000
2022-01-26,128.0971221923828,131.8310108586025,126.0244974232128,129.96654697196033,49130000
2022-01-27,127.87115478515625,131.4865877278821,127.79928232197474,130.14994443376057,31950000
2022-01-28,132.1789093017578,132.1843693083256,127.35568167167753,128.5193588055283,34362000
2022-01-31,134.11427307128906,134.28229308420728,131.04747300112987,132.9828112703711,39986000
2022-02-01,136.43421936035156,136.58191182952572,133.18751085954932,136.38515490873857,68644000
2022-02-02,146.69920349121094,150.21452630254774,144.24348530384265,149.92063870301118,123200000
2022-02-03,141.8323516845703,148.35948154682154,141.41158317819725,144.42487252128518,71518000
2022-02-04,142.0335693359375,143.6016655574309,139.27998583713477,142.1837422499907,57998000
2022-02-07,137.97752380371094,142.9821426046324,137.67915934204296,142.9821426046324,54974000
2022-02-08,138.173828125,138.7695438957675,135.80979526851763,137.80460443708327,54284000
2022-02-09,140.3474884033203,141.27180258476253,138.95483870196645,139.72451821989904,40144000
2022-02-10,137.40162658691406,140.24095165966446,136.744459438641,138.475614665895,39330000
2022-02-11,133.10226440429688,137.93341878729322,132.22751362039665,137.38182183921865,39958000
2022-02-14,134.33482360839844,135.10202275464846,132.08527017678978,132.08527017678978,34302000
2022-02-15,135.40780639648438,136.8946223837062,134.6277210675767,136.36134149082847,26680000
2022-02-16,136.5273895263672,136.87232287322377,133.7381120163284,135.44547612196956,25022000
2022-02-17,131.37408447265625,135.90837156390384,131.31411513265346,135.04552392763165,38950000
2022-02-18,129.2568359375,132.89161259379068,129.05215373124426,132.29390062238596,45620000
2022-02-22,128.67251586914062,131.01870043792354,127.09647962293029,128.69679096846758,44990000
2022-02-23,126.46659851074219,130.8903696827922,126.40662916955034,130.49141097359714,32786000
2022-02-24,131.5247344970703,131.8310242930199,123.85524617381691,123.85524617381691,54456000
2022-02-25,133.27767944335938,134.0825389091861,130.593473502944,132.37815465015106,36406000
2022-02-28,133.86996459960938,134.55834913060832,131.42711758243306,131.88060076108007,38864000
2022-03-01,132.88319396972656,135.0579106140199,132.04761612674722,133.69301448970344,26496000
2022-03-02,133.3887176513672,134.07363858013736,131.90190155372292,133.4447243246417,23520000
2022-03-03,132.7226104736328,135.2402787650286,131.8562842947509,134.8145494526599,24604000
2022-03-04,130.74713134765625,132.6750434625872,129.19192148220066,131.75916874799498,30430000
2022-03-07,125.26771545410156,130.57713396455682,125.18494567543178,130.33231086591312,45112000
2022-03-08,125.98733520507812,130.0963991793199,124.5699036581928,125.14034587725057,40428000
2022-03-09,132.247314453125,132.5600473216055,128.75874807277455,130.09638929835302,37026000
2022-03-10,131.2655487060547,132.10064255507427,129.76188368845354,130.11227705245972,27102000
2022-03-11,128.7290496826172,132.6195553638783,128.4921518581666,132.3152468515917,31526000
2022-03-14,124.8439712524414,129.26278859105312,124.17391792288964,129.10518948279775,38812000
2022-03-15,128.06246948242188,128.71320878332716,124.61553252053304,125.85999864599819,30920000
2022-03-16,132.1090545654297,132.16108344524727,127.6030057057171,129.58394480607387,35576000
2022-03-17,132.6626739501953,132.9020522183908,131.02320430101446,131.97873604106536,28264000
2022-03-18,134.92904663085938,135.0465048489617,131.0960307543159,132.2517827162383,44566000
2022-03-21,134.9052734375,135.84543842143734,132.9139283478914,134.96672499602926,26832000
2022-03-22,138.63865661621094,139.81027445788428,134.90526665885673,134.90526665885673,35496000
2022-03-23,137.06016540527344,138.36162868482575,136.62354624695533,137.48341434965386,25154000
2022-03-24,140.32769775390625,140.37428175630868,136.53978312219112,137.97653660408002,26396000
2022-03-25,140.4278106689453,140.78662849171081,138.50932109177913,140.6686711405159,24126000
2022-03-28,140.2122039794922,140.75439330324906,138.5826413227132,139.66207420173586,35050000
2022-03-29,141.25294494628906,142.5296336635574,140.79005434918682,141.39371027179897,34318000
2022-03-30,140.6909637451172,141.46608819585558,140.3554379628545,141.20787975036384,19884000
2022-03-31,137.84518432617188,140.8589569957828,137.80256299655076,140.80443254820148,37524000
2022-04-01,138.91867065429688,139.23634932313234,137.0918670617453,138.27389064424523,25942000
2022-04-04,141.7148895263672,142.4488900673313,139.07728210128434,139.12486433293225,25942000
2022-04-05,139.35531616210938,141.73371683584432,139.14865258935774,141.6132941655978,21418000
2022-04-06,135.3478546142578,138.13563495181108,134.32591048530927,137.53049665262756,32468000
2022-04-07,134.69415283203125,135.95893878121728,133.0477410449295,134.81457550647184,26234000
2022-04-08,132.11599731445312,134.4775488545769,131.7968213100517,134.39180707525873,25142000
2022-04-11,127.69124603271484,130.93151135411028,127.53760956872993,130.66487843192186,36884000
2022-04-12,126.59197998046875,130.4433348003117,125.67461550166297,130.4433348003117,32710000
2022-04-13,128.7523193359375,129.18845446203287,126.61824282890016,126.87496906105243,27928000
2022-04-14,125.61614227294922,129.3326910511807,125.48827070120589,129.3326910511807,31598000
2022-04-18,126.55431365966797,127.0855981275949,125.07295002814799,125.88376118192888,20808000
2022-04-19,128.86631774902344,129.18745998099084,125.88326290264443,126.56918205499946,26490000
2022-04-20,126.91461181640625,130.24409728114765,126.37936469139383,129.74154970357304,31696000
2022-04-21,123.71747589111328,128.9550302257485,123.43200519213937,128.11399236207833,36446000
2022-04-22,118.58399963378906,124.2998191633257,117.87974930996148,123.90135199182903,56884000
2022-04-25,121.99226379394531,122.19397402288331,117.46937340165847,118.05418408752932,46128000
2022-04-26,117.60716247558594,121.43323675370941,117.46938423541988,121.21963094813664,73054000
2022-04-27,113.2899398803711,116.2115281359682,111.74563485499026,113.46339722510035,91820000
2022-04-28,117.48077392578125,118.59786733984906,113.11201138291597,115.39179910794181,48884000
2022-04-29,113.10655975341797,116.88356939125211,112.81415439821426,115.70848796251151,42676000
2022-05-02,115.55831909179688,115.71938932068893,111.61032511577044,112.4082500446914,35534000
2022-05-03,116.30271911621094,117.40098229604361,115.01464126005,115.40715683615127,24968000
2022-05-04,121.18641662597656,121.7746984397327,114.10421172565688,116.0028802952593,49916000
2022-05-05,115.48149108886719,119.97514515514386,113.99467514066237,119.14748518479028,45840000
2022-05-06,114.72917175292969,116.5381358862753,113.01339074570949,114.17211482737774,39710000
2022-05-09,111.52210235595703,114.06555074428341,111.01609125808115,112.25460544901141,40802000
2022-05-10,113.38954162597656,115.22824075207245,111.90817806145773,114.4922665247754,39900000
2022-05-11,112.60401153564453,115.34173644656327,112.24123109079025,112.24123109079025,37534000
2022-05-12,111.85218811035156,113.29043134538728,108.85922651182088,110.39857820468676,53836000
2022-05-13,115.0304946899414,116.83895961506994,112.60649331317624,113.52633065893913,35038000
2022-05-16,113.43910217285156,115.1489390261491,112.8884884094621,113.94511327209501,25990000
2022-05-17,115.44927978515625,115.87252867662438,113.8603722292567,115.81355000837539,23054000
2022-05-18,110.91598510742188,114.38572183997256,110.57500685562273,113.9892360282762,35126000
2022-05-19,109.41380310058594,112.01672181932308,109.03317553495751,110.45209689987173,34144000
2022-05-20,107.95077514648438,111.19749090818948,104.86662695851531,110.96702866649967,48962000
2022-05-23,110.50809478759766,111.1617983492407,107.78523742789535,108.6243014393132,37184000
2022-05-24,105.0385971069336,105.52280600519344,100.98900326705386,104.8423393279953,76780000
2022-05-25,104.87506103515625,105.56395225205405,102.94368518084595,104.06276001784619,40258000
2022-05-26,106.84508514404297,107.69454740943145,104.3001467738534,104.74817746889774,37948000
2022-05-27,111.32931518554688,111.33080496604357,108.17924616749293,108.52072351941294,37914000
2022-05-31,112.7621078491211,114.71776605291463,111.09340252923525,111.75553052247338,50012000
2022-06-01,112.89096069335938,116.07225439334378,112.25460515544829,113.84550156256307,36606000
2022-06-02,116.58867645263672,116.863242236052,111.95378036843927,112.99801816382626,37992000
2022-06-03,113.53426361083984,115.2991165371884,112.52075159132542,115.04239030742981,26136000
2022-06-06,115.79373168945312,118.29802241385896,115.14300011660191,115.6787463489471,33542000
2022-06-07,116.11983489990234,116.65657936123159,114.0407744070312,114.46550552636866,31590000
2022-06-08,116.16394805908203,117.52835256429877,115.57516714354193,115.73524670504767,26108000
2022-06-09,113.82617950439453,117.25923874880715,113.76720083398786,115.3050626696795,25798000
2022-06-10,110.18446350097656,112.28335238911357,109.39595372206405,111.45668305650874,41452000
2022-06-13,105.45738983154297,107.83529887701552,105.18629514776413,105.84792407779678,47252000
2022-06-14,105.77754974365234,106.97592316690826,104.87009945591228,105.5986399557648,33706000
2022-06-15,108.79975128173828,110.44416645951732,106.7231636370719,107.59096455911155,39698000
2022-06-16,105.1015396118164,107.69355345483342,104.21391025532901,106.27860230897124,51684000
2022-06-17,106.20178985595703,107.7441135350495,104.12272168588028,105.10154532268795,51376000
2022-06-21,110.56361389160156,111.50080688982577,107.64548911545747,107.97209137326078,47416000
2022-06-22,110.50760650634766,112.35026079420923,109.41231534981758,109.58478958192295,30774000
2022-06-23,111.2554702758789,111.7515747494861,109.529283524712,111.24506449929154,28362000
2022-06-24,116.93809509277344,117.04118489007274,111.95973965187665,112.00186943919725,41164000
2022-06-27,114.81541442871094,117.53727377160598,114.16715569950595,117.23347197127057,36420000
2022-06-28,111.02302551269531,116.27842626455549,110.86492729453904,114.78466807841109,35792000
2022-06-29,110.71971893310547,112.16589494206592,109.8980029257133,110.57153493394433,24716000
2022-06-30,108.00528717041016,109.9133707611735,105.81174046866552,109.03317519019397,43170000
2022-07-01,107.78178405761719,108.28977655197615,105.7924202926031,106.9843506377648,35476000
2022-07-05,112.26750183105469,112.38049828174634,104.80219643466671,106.15916719622534,39342000
2022-07-06,113.56499481201172,114.57355354870796,110.49620571439615,112.30616050739741,37432000
2022-07-07,117.73898315429688,118.14191207685637,113.82420284830546,114.06853442164258,40936000
2022-07-08,118.30447387695312,118.63305746114801,115.87402164356276,116.21946167906191,38238000
2022-07-11,114.65978240966797,116.96088070050413,114.31682284364507,116.96088070050413,31196000
2022-07-12,113.01834106445312,115.94588075015933,112.69074816289236,115.19354915850505,29960000
2022-07-13,110.3747787475586,113.19229389367698,110.22411430080437,110.71922052622219,43722000
2022-07-14,109.3974380493164,110.116563348243,107.42046926064337,109.24182028143328,37004000
2022-07-15,110.7950439453125,112.14607058469424,109.9252617490399,111.01609105740265,46770000
2022-07-18,108.07171630859375,112.68084821142504,107.41752108882916,111.6499880338416,43164600
2022-07-19,112.80968475341797,113.01783808815178,108.59703937527189,109.87570205635436,36530900
2022-07-20,112.89891052246094,114.38572670784276,111.49139301526064,112.17532331814631,35600400
2022-07-21,113.33502960205078,113.54319050720274,110.13342322528176,113.27555937905743,32676200
2022-07-22,106.95164489746094,111.35261562744701,105.56394829009997,110.02439680939997,48901200
2022-07-25,106.56507110595703,108.90432910851514,105.36570699180157,107.45716230393901,34690900
2022-07-26,104.0969467163086,106.25778639316266,103.1552995551691,105.66306147231995,47991000
2022-07-27,112.06627655029297,112.90881167432437,107.06066717650027,108.29968052085549,59858500
2022-07-28,113.2160873413086,113.33502778538879,110.48034369240179,111.3823490591432,32816600
2022-07-29,115.29762268066406,115.68419422976437,112.06627383930068,112.08610228723958,37223400
2022-08-01,113.85047149658203,115.6941241637175,113.3350376529,114.28660666241481,26034300
2022-08-02,114.11808776855469,115.32736606008014,112.72048458212805,112.9980223744773,20236000
2022-08-03,117.04216766357422,117.57742237828928,114.46502121528304,114.69299545382555,28499000
2022-08-04,117.15119934082031,117.73601004530308,115.86262235872188,116.44744062554241,21602900
2022-08-05,116.4375228881836,117.07189713527843,114.98044193983411,115.20842372972953,19159500
2022-08-08,116.26901245117188,119.09396129560791,115.85269823014673,117.34942843143419,19138300
2022-08-09,115.60490417480469,116.28884199524232,114.69299212244628,116.11042376218631,19086500
2022-08-10,118.64790344238281,119.85718156037778,117.36924844859372,117.73599152342602,30930400
2022-08-11,117.79548645019531,120.42219655162552,117.51794863944885,120.21404319356567,24293700
2022-08-12,120.61052703857422,120.61052703857422,118.41003791477617,119.2030095573056,19096300
2022-08-15,121.00700378417969,121.22507134763688,119.54992284865891,120.06534908400887,19494800
2022-08-16,120.6303482055664,121.3539353982233,119.57966720477233,120.45192996370155,19041200
2022-08-17,118.4992446899414,120.2239492265823,118.33073312003822,119.06423449827227,22847000
2022-08-18,119.11378479003906,119.75807324012199,117.67653233875487,118.38029100928513,17987700
2022-08-19,116.17980194091797,118.10275306426914,115.73376016351709,118.0135401713866,21809500
2022-08-22,113.23590850830078,114.61369077944998,112.84933693940785,114.18746987498629,21456600
2022-08-23,112.85926055908203,113.999154474037,112.43303961913671,112.48260318331054,15870400
2022-08-24,112.69075012207031,113.77116618601146,111.8779576273456,112.5024176637424,17734600
2022-08-25,115.62472534179688,115.69410978570761,113.1070493505059,113.23590401424377,16956800
2022-08-26,109.37018585205078,114.10817938697578,109.2215102957735,113.71169359144874,37245700
2022-08-29,108.4582748413086,109.97482602837435,107.8437290366526,109.02326464751619,21191200
2022-08-30,107.98249816894531,109.52878447093995,106.85251855405113,109.2016831186449,27513300
2022-08-31,107.2688217163086,109.87570309968547,107.1796088220971,109.67746398729584,28627000
2022-09-01,108.77545928955078,109.47921797382328,106.4163805635808,107.32829258582089,28360900
2022-09-02,106.90206146240234,109.76665948511474,106.31725083961025,109.61797638297442,24160700
2022-09-06,105.87120819091797,107.08048640627771,104.85026242093507,106.35690685927537,25068300
2022-09-07,108.4880142211914,109.01336227424459,105.96043133074927,106.11902111929638,23167000
2022-09-08,107.42742156982422,108.63669993090151,106.21815077108502,107.09041353468496,24238300
2022-09-09,109.67745971679688,110.01446770720469,108.06178152061504,108.11134507795128,23197700
2022-09-12,109.8856201171875,110.6389423756241,108.96379385270278,110.01447478728238,22966800
2022-09-13,103.4030990600586,107.34812094062124,103.17511727352941,106.85251559475012,38172900
2022-09-14,104.07713317871094,104.35467099054672,102.74891434711448,103.65091223558079,26395100
2022-09-15,102.0054931640625,104.3447433760891,101.45041004927867,103.11564426895569,34188300
2022-09-16,101.89646911621094,102.22356291951621,100.05281649828837,101.17288193424302,42797200
2022-09-19,102.1640853881836,102.42180228471612,100.65744846869414,100.85568758151153,23036800
2022-09-20,100.25105285644531,101.4702453845617,99.6364994799985,101.18279336472388,26517100
2022-09-21,98.40739440917969,101.97575131964689,98.39748018499488,100.7763873127521,31487300
2022-09-22,99.25983428955078,100.35016449651606,97.92170141907806,97.95143652872501,34298600
2022-09-23,97.87214660644531,98.7840662370101,96.6133122907774,98.75432356236846,31625400
2022-09-26,97.30715942382812,99.00212893213987,96.94041627902087,97.23777497245881,27072700
2022-09-27,96.6430435180664,99.12107027493991,96.0185834977758,98.55608047686624,30072800
2022-09-28,99.1706314086914,99.81491229984545,96.25646959395841,96.79172426782799,32466300
2022-09-29,96.56375122070312,97.77302956785141,95.11658440664736,97.77302956785141,31047200
2022-09-30,94.80931091308594,98.03074589010642,94.72009801207578,96.19700749257774,32941500
2022-10-03,97.77302551269531,98.41731399775504,95.67165604887613,95.90955206825485,27982000
2022-10-04,100.74665069580078,100.94488980250854,99.49772314899776,99.55720093087983,28850800
2022-10-05,100.53850555419922,101.03411092367425,97.93162403320214,98.95256988434666,22176900
2022-10-06,100.5285873413086,102.02531761520133,99.70588064565636,99.79509354103838,22324000
2022-10-07,97.81266784667969,99.64640604800172,97.43601051980215,98.97238249935859,27502800
2022-10-10,96.99987030029297,98.22896933164492,96.15734279946571,98.12984978372467,18225100
2022-10-11,96.32585144042969,98.37765718707726,95.46349545095802,96.57365410336944,26507100
2022-10-12,96.7025146484375,97.88205781573463,95.88972216704339,96.44480530818547,21876400
2022-10-13,98.18933868408203,98.90301166464873,93.55047187273668,94.31370841786314,34574500
2022-10-14,95.7113037109375,99.80500878199092,95.52297881847961,99.11115674778205,25410700
2022-10-17,99.09134674072266,100.04290821905298,97.96136701255925,97.9911021271417,28419200
2022-10-18,99.8843002319336,102.56057369471353,99.09133619885397,102.22355811984305,24060700
2022-10-19,98.75431823730469,100.13210049023245,98.0505595554906,99.1309831390766,23811100
2022-10-20,99.09134674072266,101.42069065185464,98.51644265100067,99.1210818553051,25323200
2022-10-21,100.24111938476562,100.41953758480973,96.86109536913763,96.98995001714982,32458700
2022-10-24,101.6189193725586,101.84690116488177,99.10125080640549,100.90525400873032,27176400
2022-10-25,103.56169128417969,103.89869927280016,101.81715843544772,101.99557665364006,40611400
2022-10-26,94.09563446044922,97.44592398970775,93.85774600381856,95.58245054848182,88114100
2022-10-27,91.40945434570312,94.59123986812598,90.993147655817,93.68923447770169,60710900
2022-10-28,95.44367980957031,95.70139671064247,91.32023964176592,91.45900853564996,43697300
2022-10-31,93.67932891845703,95.18596591202643,93.15398843755676,94.58132675716521,31675000
2022-11-01,89.6748275756836,95.18595629968785,89.57570802441086,94.61105231503412,47161400
2022-11-02,86.20559692382812,90.37859311828306,86.11638402723818,90.14070466460588,57038300
2022-11-03,82.69670867919922,85.75954610026633,82.60749578413358,85.56130698597873,61288000
2022-11-04,85.81903076171875,85.87850098830332,82.97425311346052,84.64940174408115,51124900
2022-11-07,87.71222686767578,88.11862685745632,86.08664203322763,86.51286290825593,34078900
2022-11-08,88.11864471435547,89.52616228462122,86.82015337855162,88.11864471435547,30429000
2022-11-09,86.55252075195312,88.6538902246859,86.51287141522182,87.67258615584599,31769100
2022-11-10,93.11434173583984,93.56038355540274,90.80481883714413,91.43919312210994,51620100
2022-11-11,95.5626220703125,96.07804827912527,93.09450211535228,93.8577385481565,33090500
2022-11-14,94.8588638305664,95.93928745861939,93.67932820432442,94.25422468031444,30179500
2022-11-15,97.57478332519531,99.25983848330503,95.85998549384487,97.39636509743826,41640800
2022-11-16,97.9811782836914,98.76423566096419,96.78181421845211,97.03953112343324,29105200
2022-11-17,97.4954833984375,98.40739541196346,95.93928292840438,96.11770115386271,26052600
2022-11-18,96.57366180419922,98.03074278844717,95.5229808495008,97.9018805535472,28342300
2022-11-21,94.75975036621094,97.53514361353429,94.52186189317523,96.43489902752911,21647400
2022-11-22,96.19700622558594,96.36551023797273,93.22337397827062,95.10666835170002,23438500
2022-11-23,97.59459686279297,97.89196307410882,96.23663558921139,96.23663558921139,18868100
2022-11-25,96.6033935546875,97.77302247882432,96.543923332857,97.37653668783366,9701400
2022-11-28,95.2057876586914,96.72233877031711,94.76965254495012,96.18708410227205,26237500
2022-11-29,94.35334777832031,95.27517402033777,93.28283842068635,94.8886024571373,20061700
2022-11-30,100.10236358642578,100.15192714493028,93.59010977787369,93.98659555889795,43647500
2022-12-01,100.10236358642578,101.35129114983415,99.36886980705012,100.13209869659357,28687100
2022-12-02,99.55721282958984,99.88430663851699,98.03074732602357,98.17943045499304,21480700
2022-12-05,98.60564422607422,100.48893851504042,98.1298597604134,98.52634555474117,24405100
2022-12-06,96.12761688232422,98.9030023011365,95.57253374869178,98.42722540069438,24910700
2022-12-07,94.10555267333984,96.02849641963317,93.88748509454602,95.56263371133674,31045400
2022-12-08,92.88636016845703,94.73992702719157,92.62864325130393,94.54168033617455,32213300
2022-12-09,92.01410675048828,93.43153859513204,91.93480806603606,92.94583982461623,28225400
2022-12-12,92.4898681640625,92.73767083950996,90.80481299595476,91.89514325545609,29420000
2022-12-13,94.78948211669922,98.6552055874712,94.19475717404306,96.90076587228482,40593700
2022-12-14,94.23440551757812,96.01858788905928,92.77732450792483,94.36326019238705,28733600
2022-12-15,90.0614013671875,92.81696579796765,89.21887381683445,92.31144624282094,40107000
2022-12-16,89.4666748046875,90.52726989079738,88.73317348357445,89.96228012646478,58011800
2022-12-19,87.66268157958984,89.76404353999254,87.43469977854382,89.4666848509379,29493000
2022-12-20,88.2375717163086,88.39616905558795,86.67146458378042,87.33557392675367,23453800
2022-12-21,88.79264831542969,89.4270225012476,87.5437208285783,88.29704301011338,24745600
2022-12-22,86.9886474609375,87.76179054640475,85.56130172632905,87.3851332274773,27658300
2022-12-23,88.44573974609375,88.76292688788996,86.30472086721583,86.34437020523261,23003000
2022-12-27,86.62190246582031,88.15828207571641,86.24524512227134,88.01951318270693,20097300
2022-12-28,85.2639389038086,87.26618870145985,85.18464779721495,86.21550780630535,19523200
2022-12-29,87.67256164550781,88.06904733963889,85.84873803977472,85.85865226177029,23333500
2022-12-30,87.45452880859375,87.52391325940049,85.80911531469404,86.21551535680346,23986300
2023-01-03,88.3366928100586,90.24972960120895,87.74196039065848,88.80255544716131,28131200
2023-01-04,87.30584716796875,89.85325856571626,86.50296129515269,89.55589230728985,34854800
2023-01-05,85.4423599243164,86.80032131544093,85.14500124959856,86.70120175720164,27194400
2023-01-06,86.57233428955078,86.9192640659125,84.11413611960162,86.02717297103696,41381500
2023-01-09,87.24637603759766,89.25854042348865,87.08778623338114,87.5833916603581,29003900
2023-01-10,87.64286041259766,87.89066312190425,85.07562797410377,85.22431111215543,30467800
2023-01-11,90.71561431884766,90.79491300238085,88.22768051228752,88.39618454304156,26862000
2023-01-12,90.32901763916016,91.06251891491691,88.96114975807878,90.67594739282139,30258100
2023-01-13,91.31033325195312,91.37971769910212,89.33781849580512,90.05149141638756,26329200
2023-01-17,90.48761749267578,91.43917877077745,89.25851845375324,91.25084633493321,32602400
2023-01-18,90.31912231445312,91.98435660415667,89.84333784782173,91.3301539078307,29116700
2023-01-19,92.23217010498047,92.78724574591155,89.83343416594599,89.92264707243187,37000400
2023-01-20,97.15847778320312,97.436023155267,94.18484542927642,94.26414410700895,63191100
2023-01-23,98.91293334960938,99.16073606642,96.64305955614341,97.08910142146702,40005100
2023-01-24,96.84129333496094,98.73450961634089,96.34568792882023,97.23777917234118,33078500
2023-01-25,94.38310241699219,95.31484307611937,92.93593542106763,94.73002471698456,42330000
2023-01-26,96.6628646850586,96.71242824527482,94.54167438000948,95.65183309275027,30114000
2023-01-27,98.49659729003906,99.43824430877174,96.45469836875064,96.45469836875064,33879800
2023-01-30,96.08796691894531,97.42609984090785,95.5527122376928,96.62322160019781,27226200
2023-01-31,97.97126770019531,98.01091703799966,95.96902529627194,96.01858885911187,29870700
2023-02-01,99.54729461669922,100.30061689425332,96.72234552879351,97.84241093913148,35531100
2023-02-02,106.79302978515625,106.90206355804081,104.68175389285314,104.8700863300786,69883800
2023-02-03,103.85905456542969,106.86242173682118,101.67839407914221,102.02531630709647,65309300
2023-02-06,101.9955825805664,103.44274929562647,100.98454343127975,101.49997723038128,31999600
2023-02-07,106.69391632080078,107.229170992123,102.21364740273903,102.31276695764967,49010200
2023-02-08,98.49659729003906,102.2334578201117,97.1782854139441,101.15304192624654,94743500
2023-02-09,94.17494201660156,99.15081699981067,92.80706624668896,99.12108188521925,119455000
2023-02-10,93.73880004882812,95.89963977995525,93.42161291225615,94.61106278381658,54980700
2023-02-13,93.77845764160156,94.36326840393785,93.01522106425257,93.90731232762349,50076100
2023-02-14,93.84782409667969,94.01632809123518,91.44909615264258,93.60002143562618,54726100
2023-02-15,96.08796691894531,96.26638514602948,93.32248818030943,93.6594961857254,50169000
2023-02-16,94.6705322265625,96.82145754317696,93.90729578367531,94.53176333918978,42462600
2023-02-17,93.52073669433594,94.72010084493942,92.39075699666527,94.01634209023845,34284100
2023-02-21,90.98323059082031,92.28171418116946,90.91384614467198,92.18259462414863,33629300
2023-02-22,90.84446716308594,91.30042320267887,89.81360707091751,90.89402316340856,30884000
2023-02-23,90.09114074707031,91.13191501658295,88.97107536820448,91.11208656749149,41206400
2023-02-24,88.34660339355469,89.09992561252551,87.8014420680175,88.65388384050988,36585100
2023-02-27,89.0801010131836,89.36755300004886,88.55475303297936,89.0801010131836,27502300
2023-02-28,89.2684326171875,90.42815487570596,88.534938821612,88.54485304599933,30142000
2023-03-01,89.56578826904297,90.22989754012599,88.88185055152778,89.18913097253392,31111200
2023-03-02,91.19137573242188,91.46891349206841,88.80255454255308,88.8719465448015,32204400
2023-03-03,92.82688903808594,92.90618771372029,91.63743159058448,91.66717426570082,35160100
2023-03-06,94.29387664794922,95.12649761674808,93.17381121430402,93.19363210202732,32639300
2023-03-07,93.03504943847656,94.82913862718598,92.70794804845617,94.1452082944525,27835500
2023-03-08,93.42161560058594,95.11658511938656,93.17381290668519,93.29276092219925,34103300
2023-03-09,91.50858306884766,94.69036890987229,91.09227633727548,93.22338112366414,28813500
2023-03-10,89.83343505859375,91.97445408746843,89.60546080194823,91.35990064866066,35941000
2023-03-13,90.30921173095703,91.75637851356447,88.63406314919474,89.29817253447952,37335600
2023-03-14,93.14407348632812,93.53064506595086,91.62752227975622,91.74646272743232,36050200
2023-03-15,95.26527404785156,96.07806663083456,91.82577123714137,92.40067533695186,50622100
2023-03-16,99.4382553100586,100.30061132579071,94.66062012558537,95.35446457801073,65492000
2023-03-17,100.72683715820312,101.93610789707766,99.22019261289883,99.37878995970463,61028500
2023-03-20,100.33035278320312,100.85569326789229,98.99221979039645,99.24002247655834,32960400
2023-03-21,103.9978256225586,104.17624385241345,100.33034902951017,100.36008414076306,42110300
2023-03-22,102.46145629882812,105.65314851003183,102.4218069619865,103.35353990958235,43427400
2023-03-23,104.6718521118164,105.36570416377398,103.541872478814,104.13659740739351,40797800
2023-03-24,104.51325988769531,104.56281588589015,102.9273166987092,104.06721052991638,30393300
2023-03-27,101.55946350097656,103.83925149701737,101.03412295673954,103.70048258202414,31120900
2023-03-28,100.14202117919922,101.54953863368904,98.86335840017524,101.53963197104099,32057900
2023-03-29,100.49884796142578,101.58917817223534,99.76535419231203,101.38102484163565,28779600
2023-03-30,100.00325012207031,100.27088125455408,98.90300560483199,100.0230785716146,33086200
2023-03-31,102.81828308105469,102.97687285114189,100.15192403778421,100.40964092180509,36863400
2023-04-03,103.44274139404297,103.61124538527355,101.03409927363644,101.49005525349757,25035400
2023-04-04,103.7995834350586,104.65202522333027,103.12555987136325,103.41301187553275,24420100
2023-04-05,103.55178833007812,105.16745913119128,102.74891004200208,104.85027199347772,28290500
2023-04-06,107.46707153320312,108.2104796222192,103.41302305102441,104.33484938389788,48711500
2023-04-10,105.50447845458984,106.64436480832546,104.19608051990066,106.03973318637243,27067400
2023-04-11,104.4240493774414,105.79192503108294,103.75994000022175,105.61350679636178,26311800
2023-04-12,103.72028350830078,105.8117386190125,103.42291728349981,105.643234620716,24370300
2023-04-13,106.48577880859375,106.54524903790885,104.90974967069793,104.90974967069793,24843600
2023-04-14,107.9131088256836,107.98249327038609,105.90094480463668,105.95050836328302,26578000
2023-04-17,105.0385971069336,105.22692955632782,103.60133708165166,103.7401135343835,37571200
2023-04-18,103.58151245117188,105.60358307540247,103.15529157112812,105.55401951819435,26596400
2023-04-19,103.26433563232422,104.05730725261225,102.16409110128505,102.66961069827711,20905700
2023-04-20,104.36457061767578,105.31613193758433,102.95705330462381,102.99670263824548,27820800
2023-04-21,104.48352813720703,105.0683388461455,103.85906052869694,104.54299836188882,25800100
2023-04-24,105.0385971069336,105.69279222417367,103.77975530677848,104.56281265248298,23542800
2023-04-25,102.93722534179688,105.75226754350551,102.92731111776044,104.89982577246494,46664100
2023-04-26,102.7984619140625,105.41525758570141,101.72795253139088,103.99782596670221,53347600
2023-04-27,106.64435577392578,107.41750647367289,102.62995696914422,103.53195477534291,50089200
2023-04-28,106.39654541015625,106.40645963391208,104.16632149232343,106.09918675851405,36139800
2023-05-01,106.25776672363281,107.04082395668563,105.88110944136812,105.90093032471415,26681700
2023-05-02,104.39430236816406,106.25777561439764,102.79845266234385,106.1983053970473,30997200
2023-05-03,104.48352813720703,106.54524073699993,104.03747876508014,104.60246858657061,21795400
2023-05-04,103.76984405517578,104.67184180284514,103.05617118623383,104.56280802773806,23419500
2023-05-05,104.64212036132812,104.94939327912539,103.19495354910443,103.89871228613758,26639300
2023-05-08,106.8227767944336,107.0111092526405,104.2357237525446,104.25554463966958,26511400
2023-05-09,106.4064712524414,109.18186434483572,106.24788146671654,107.43733132783537,36360100
2023-05-10,110.76779174804688,111.94733485864512,106.98136731248631,107.02101664654327,63153400
2023-05-11,115.54542541503906,116.88355828293253,113.40441433887695,114.38571076702053,78900000
2023-05-12,116.4771728515625,116.99259909422787,115.08947634268829,115.65446614587465,41102300
2023-05-15,115.4859619140625,117.43864822230549,114.9903565591719,115.08947611768251,36266800
2023-05-16,118.45958709716797,119.68868618777017,115.40665647509871,115.46612669425035,45035600
2023-05-17,119.77790069580078,120.60060741468727,117.8450428018749,118.55871573573606,33323600
2023-05-18,121.75041198730469,122.22618888797108,119.7679905890739,119.88693103307176,35234200
2023-05-19,121.68102264404297,124.8628079526781,121.07638353692812,122.464079972312,41353400
2023-05-22,123.95091247558594,125.31878064512259,121.6612104053191,121.85945710097975,35253000
2023-05-23,121.4827880859375,123.53459405259528,121.13586583308965,123.06873134867843,34046300
2023-05-24,119.8373794555664,120.83850441605266,118.80651938298395,120.05544702738894,34182600
2023-05-25,122.39470672607422,124.21853087598284,120.88806215130478,123.42555925112126,42317000
2023-05-26,123.51476287841797,124.15905132995717,121.37374418942687,122.08741708575724,35635900
2023-05-30,122.58301544189453,124.55553001866956,120.92769552305617,124.53570157138007,35076700
2023-05-31,121.79007720947266,122.96961295289324,121.42332648051821,121.67112918762132,37325800
2023-06-01,122.63258361816406,123.32642805270005,121.54225340860589,121.7404925149484,30772700
2023-06-02,123.57423400878906,125.04122914675051,122.67223621986325,122.90021044199662,26980100
2023-06-05,124.9024658203125,126.30998323761919,122.75153279545627,122.92004436641427,32305500
2023-06-06,126.19102478027344,127.16240697735131,124.25816704768387,124.9024554793261,26638300
2023-06-07,121.4233169555664,127.90582861001033,121.04665959275812,125.85403022098032,52539000
2023-06-08,121.06648254394531,122.14690621299393,120.17439134067995,121.15569544544086,29389200
2023-06-09,121.15567779541016,122.67222883886024,120.83849069849471,121.17549868044499,23778300
2023-06-12,122.55329132080078,122.95969134096524,120.59069835405128,121.7107637315462,28306400
2023-06-13,122.74163818359375,124.05995039482633,122.09734963535435,123.88153214396523,22278300
2023-06-14,122.58301544189453,122.95968031702589,120.38252665764863,122.01802569153439,30592300
2023-06-15,123.99055480957031,124.35730552643699,121.32420291141162,122.05769678280674,35246300
2023-06-16,122.44425201416016,125.001577340157,122.1964493483621,124.82315911828891,45535600
2023-06-20,122.01805114746094,123.47513227140824,121.06648966214276,121.84954712203071,26097500
2023-06-21,119.4904556274414,121.58191085699323,119.04440626489465,121.32419395167761,30306300
2023-06-22,122.06759643554688,122.1568017665919,117.78556661162784,118.94528128923695,26952200
2023-06-23,121.26470947265625,121.71075881058304,119.99596102780514,120.31314813901791,34913600
2023-06-26,117.29986572265625,120.92770036348257,117.23048127903954,119.69860126412782,33969900
2023-06-27,117.28996276855469,118.03337078609204,115.07955960231514,116.05094940599243,39535900
2023-06-28,119.12369537353516,119.3318487010765,115.82296211751444,116.06085055437069,27091400
2023-06-29,118.0531997680664,119.00476118828789,117.26023569905081,118.19196866920258,24090900
2023-06-30,118.64790344238281,120.01577888315457,118.6379967814617,119.1137736251189,29532200
2023-07-03,118.8461685180664,119.13362053840451,117.77565911039436,118.19196580370979,14467900
2023-07-05,120.67989349365234,121.53233523543224,118.18204604815243,118.19195270951163,27584800
2023-07-06,119.0543212890625,119.24265374755836,117.35935184961298,118.74704838295892,24745200
2023-07-07,118.42985534667969,119.98605581142945,118.35055667733691,119.04440112824291,21709500
2023-07-10,115.4264907836914,117.27014341516231,115.11921786589225,117.2602367523764,35315200
2023-07-11,116.11042022705078,116.67541002080333,114.33615217521867,115.26789264862505,23078800
2023-07-12,117.88468933105469,119.27238582914387,117.36926309239514,117.75583466197419,30404400
2023-07-13,123.44538116455078,123.73283317428397,119.3913254796749,119.86710994186647,44297900
2023-07-14,124.31764221191406,125.6656893475704,122.40460528869126,123.70309642753425,33283100
2023-07-17,123.55441284179688,125.9828759841853,123.1083634981514,124.83307552717416,25716200
2023-07-18,122.67223358154297,123.58414557513862,121.87926202742847,123.50484690725973,26193600
2023-07-19,120.95743560791016,124.07975069881186,120.72946139106028,123.50484670115512,37224000
2023-07-20,118.1523208618164,122.9993409263446,117.18093854128094,120.35280998310415,37906800
2023-07-21,118.96510314941406,119.92657872434836,117.68644801994229,119.55983561059963,72937900
2023-07-24,120.46183776855469,121.9189187390688,119.91667640915657,120.59070000224004,29686100
2023-07-25,121.1358642578125,122.06760477820553,119.95632105113091,120.29333663689901,52509600
2023-07-26,128.13381958007812,129.82878151515044,127.19217238007396,128.92679121548855,61682100
2023-07-27,128.26266479492188,132.0689255635858,127.6580256334022,130.5127174287312,44952100
2023-07-28,131.41473388671875,132.56454208145672,129.4224055598101,129.63055136465587,36591200
2023-07-31,131.55348205566406,132.35636028283042,130.62174160079337,131.5633887175357,28055500
2023-08-01,130.39376831054688,131.4642776626303,129.53140473197496,129.63053185009693,23166800
2023-08-02,127.25162506103516,128.94658676241383,126.43882508751874,128.3122125664853,26273300
2023-08-03,127.32101440429688,128.25275490430315,126.30006856910073,126.8452374919422,20089500
2023-08-04,126.98400115966797,130.35411143081842,126.78576204807231,128.14371584341106,26147200
2023-08-07,130.37396240234375,130.45326108561633,127.88602860396051,128.0247975185182,22746300
2023-08-08,130.24510192871094,130.3541357291139,128.4014491103284,129.47195866209995,23535200
2023-08-09,128.52037048339844,130.87944143501775,127.86616785514812,130.50279169045498,24912900
2023-08-10,128.5501251220703,130.889383106786,128.31222909619765,130.16580349118593,20857800
2023-08-11,128.42124938964844,128.78799249024013,127.04346719118266,127.52916585454872,19591100
2023-08-14,130.1757049560547,130.21534672977936,127.82654040248093,128.25275374989084,24695600
2023-08-15,128.63934326171875,130.26492845526437,128.14373783533682,129.94774884721215,19770700
2023-08-16,127.5688247680664,129.13493962042415,126.7461255654186,127.5688247680664,25216100
2023-08-17,128.77809143066406,130.82990482519432,128.15362385412445,128.6591509873898,33446300
2023-08-18,126.33971405029297,128.1139820986366,125.26920468665479,127.38048074077112,30504800
2023-08-21,127.24171447753906,127.59855093945741,125.4476255056934,126.0621788706278,25248700
2023-08-22,127.94549560546875,129.13494557517706,127.19218082041144,127.38049817316805,22054900
2023-08-23,131.20655822753906,132.23742584663677,128.72853142638633,129.03580432978123,27819700
2023-08-24,128.63934326171875,133.07005698354735,128.43119745245764,132.77269070278274,28500700
2023-08-25,128.7384490966797,129.61070421801392,126.13156014533209,128.40142596774677,26762900
2023-08-28,129.85848999023438,131.37504093670455,128.99614164313212,130.15585618309913,20543300
2023-08-29,133.38722229003906,135.36964355822954,131.0776996976363,131.0776996976363,43075600
2023-08-30,134.6857147216797,135.08219295170898,132.89162577508347,133.59537690208668,28315800
2023-08-31,134.97317504882812,136.78709265772878,134.59651009871462,134.81457768828804,30053800
2023-09-01,134.46766662597656,136.25184916877205,133.66478826288787,136.25184916877205,21543700
2023-09-05,134.57669067382812,135.22097162539615,133.39714743586188,134.24958930429057,19403100
2023-09-06,133.27818298339844,135.32998104598227,132.495118145148,134.82446908845833,18684500
2023-09-07,134.0711669921875,134.38836170715467,131.78147247047056,132.4158467757284,18844300
2023-09-08,135.1813201904297,135.45885797662925,133.66476902845534,133.7242392505445,23558300
2023-09-11,135.71658325195312,136.27165888953823,134.59651018881954,135.33991830158746,20763400
2023-09-12,134.1504669189453,135.66701824288407,134.00179134784412,135.0623790459448,18405500
2023-09-13,135.50840759277344,135.69672490178635,132.97089575556973,133.90263613822427,20749500
2023-09-14,136.88624572753906,137.48096325524105,135.04259265477157,136.39064022544758,24751000
2023-09-15,136.1923370361328,137.30250324708538,135.28042505459356,136.76724102714817,38919600
2023-09-18,136.99522399902344,137.93687104627568,135.40928098547076,135.40928098547076,21861300
2023-09-19,136.8267059326172,137.19346414304988,135.41918868155213,136.21216019438876,20353700
2023-09-20,132.56451416015625,136.8663646339005,132.44555860062232,136.8663646339005,29927500
2023-09-21,129.29351806640625,131.06777845392287,128.92677497016894,130.28472870460357,31503900
2023-09-22,129.1051788330078,130.86953246620288,128.46089800194463,129.61069078701092,26397300
2023-09-25,129.9576416015625,130.0171118264149,127.82654454608127,128.6888930557924,20094600
2023-09-26,127.43997192382812,129.21423249109523,126.10183137682498,128.62942178523338,25718700
2023-09-27,129.39263916015625,129.7494756200031,127.43996798020761,127.43996798020761,22746500
2023-09-28,131.14707946777344,132.12838346203904,128.64922437989011,128.6987879376221,22513100
2023-09-29,129.7098388671875,132.87180356786632,129.21423349403221,132.10856705829798,30859800
2023-10-02,132.99073791503906,133.2385405902459,130.01710581255713,130.05676271040824,22288000
2023-10-03,131.2660369873047,133.0799545386721,130.68122625412332,132.76277495232893,22989400
2023-10-04,134.0513458251953,134.37844718411898,131.36515806688755,131.6228674142173,26752300
2023-10-05,133.88284301757812,134.29914971685594,132.2770713207343,133.88284301757812,19832600
2023-10-06,136.3707733154297,136.9456773507009,132.832143768504,132.832143768504,27597600
2023-10-09,137.20339965820312,137.71883351864395,134.41809967864563,135.73641188198502,19278100
2023-10-10,136.84657287597656,138.49198658116535,136.12299316212477,137.28270808695942,27786600
2023-10-11,139.31468200683594,139.86975763903897,137.36199550625815,137.36199550625815,25884300
2023-10-12,137.74856567382812,139.97878996715525,137.04479935307614,139.8102859466206,24765500
2023-10-13,136.1527099609375,138.7695057500951,135.4192085570894,138.15495992166953,23420500
2023-10-16,137.87741088867188,138.4027513362433,136.7771664348634,136.9555770964501,28501900
2023-10-17,138.49195861816406,138.6703692822643,135.97427499935674,137.41154259753543,23515800
2023-10-18,136.74745178222656,139.4831882085486,136.172547689983,138.22434622855528,23375000
2023-10-19,136.53929138183594,138.43250769080962,136.17254821584305,137.28269950188223,26066000
2023-10-20,134.40817260742188,136.65820993362706,133.89273882524216,136.1229628278564,26335700
2023-10-23,135.30026245117188,136.4500705092504,132.77267210572043,133.8530881539799,26317900
2023-10-24,137.58998107910156,138.1351500929751,136.2121985484091,136.61859864281283,44814300
2023-10-25,124.5059814453125,127.18224741384032,123.97072673913938,127.03357185296261,84366200
2023-10-26,121.20524597167969,123.23723097831568,120.20412102421639,122.18654246977827,57061100
2023-10-27,121.09620666503906,122.22618623249376,119.15343464446192,121.79996533864069,44566500
2023-10-30,123.36610412597656,124.29784476488247,121.67113444365157,122.12709053693735,28940100
2023-10-31,122.98942565917969,124.268088371617,121.61164338905817,123.96080791175726,26292300
2023-11-01,125.33858489990234,125.37823423377263,122.63258403370556,122.9795062521491,30082400
2023-11-02,126.36944580078125,127.84634757695119,125.81437024728645,127.29127202345639,27124600
2023-11-03,127.9653091430664,128.39152248996186,126.73620241363211,126.8947997576898,26393100
2023-11-06,129.1051788330078,129.19438415583073,127.53906429208809,127.91572915468251,19052700
2023-11-07,129.81884765625,130.7505879983134,128.73843178073938,129.5611383567172,29757300
2023-11-08,130.68121337890625,131.04797161797262,129.63053247035484,129.81886492088287,26425800
2023-11-09,129.0952911376953,131.38498550790692,128.92678712827234,130.80017480614322,23747800
2023-11-10,131.42462158203125,131.63278248151076,128.27257885187583,128.95651664701234,26913300
2023-11-13,130.92901611328125,131.42462145714984,130.09640276550397,130.62174322003068,18324800
2023-11-14,132.445556640625,134.50727652084166,132.14820555787506,133.01055394719708,32395200
2023-11-15,133.43678283691406,133.84318286371249,132.3960236763613,133.68458551793623,23861500
2023-11-16,135.72650146484375,136.01396109606097,133.13945553195717,134.0018041762527,28013200
2023-11-17,134.1207275390625,134.86413562027792,132.4753140227168,134.80466539372887,37240600
2023-11-20,135.05247497558594,135.45887504396703,132.44558566460094,132.5149776822315,27815500
2023-11-21,135.7661590576172,135.9743048781384,134.7650414870518,135.0921277764423,22635300
2023-11-22,137.2727813720703,138.19460010408307,136.26174217835015,136.26174217835015,17813900
2023-11-24,135.48861694335938,136.91596302351493,134.79477235569422,136.8168358861295,12514300
2023-11-27,135.21107482910156,137.20340318020305,134.8046747532318,134.83440986857084,23436500
2023-11-28,135.9940948486328,136.0436584048626,134.22974114450358,134.88394378751974,18730000
2023-11-29,133.8035430908203,137.07452642949448,133.65485240517793,136.36086861217828,23967200
2023-11-30,131.36514282226562,134.3586031424181,130.12612954194947,133.86299783029165,38988300
2023-12-01,130.70103454589844,130.94883720390865,129.52149147382195,130.70103454589844,31442300
2023-12-04,128.13381958007812,128.88713431514626,126.7758581121976,128.73845875055255,36669900
2023-12-05,129.8386993408203,130.97858563372688,127.1227764879299,127.81662097598935,27384800
2023-12-06,128.87722778320312,130.68122350903377,128.73845888121613,130.28474525326413,23576200
2023-12-07,135.72650146484375,137.34218007397496,133.51610538969697,133.85311346624027,56767100
2023-12-08,133.8035430908203,135.20113873793494,132.85197412660608,133.0204781372603,32260100
2023-12-11,132.11846923828125,132.16803279885028,130.20543982265264,131.21647898449544,31138000
2023-12-12,131.3552703857422,131.8310473744394,130.10633499398003,130.6515040042986,29032800
2023-12-13,131.40481567382812,132.32663440647838,130.41360492921032,132.20769395702044,30104800
2023-12-14,130.7803497314453,132.54470366937534,128.55012552763398,132.20769564183271,38722400
2023-12-15,131.43453979492188,132.33653000234125,130.0270073455555,130.46314245666346,50847100
2023-12-18,134.60643005371094,135.94455556276986,131.26603936328306,131.46429362359686,32258000
2023-12-19,135.4489288330078,136.26172882321336,134.88394662917216,135.63726127584442,25476800
2023-12-20,137.12408447265625,140.45455302635412,136.85646847368653,137.74855205293554,49107200
2023-12-21,139.18580627441406,139.4534374013907,137.9566995474428,138.26398757269197,27488300
2023-12-22,140.2464141845703,140.74201955858857,139.4732710110759,139.53274123600997,26532200
2023-12-26,140.27615356445312,141.42594657240042,139.94905219268907,140.34553045409487,16780300
2023-12-27,139.13624572753906,140.83122273553664,138.6604688106895,140.34552403156647,19628600
2023-12-28,138.9974822998047,139.8994877320987,138.5217053642322,139.5426512492503,16045700
2023-12-29,138.46224975585938,139.12635922814167,137.5602442283372,138.40277952321884,18733000
2024-01-02,136.95555114746094,138.2242993606029,135.28040300480598,137.33221597234336,23711200
2024-01-03,137.69898986816406,138.4027561263541,135.87516579367383,136.04366979922918,24212100
2024-01-04,135.1912078857422,137.93686537616287,135.15156611813597,137.20336411572862,27137700
2024-01-05,134.53704833984375,135.9544877613099,133.9621442151988,135.54808767109367,22513900
2024-01-08,137.61968994140625,137.78819394542484,135.06236452075504,135.09209963177744,21404000
2024-01-09,139.71116638183594,140.24642871103555,136.93577297492843,137.28270282254584,24759600
2024-01-10,141.02944946289062,141.74312233778207,139.67149571815168,139.76070104634456,21320200
2024-01-11,140.8312225341797,143.9436236258308,139.40387666099627,142.2288332953947,24008700
2024-01-12,141.39622497558594,141.94139398064064,140.57353326075875,141.41605342795455,18785500
2024-01-16,141.23764038085938,143.08129317884888,140.20677262032902,140.7519416163136,22670500
2024-01-17,140.2266082763672,140.59335147219906,137.679188984567,140.10766780737916,20968600
2024-01-18,142.2189178466797,142.9425126026269,140.74202347084398,140.80149369743117,25746400
2024-01-19,145.0934295654297,145.16280645077472,143.11100813182492,143.4678445948608,34271900
2024-01-22,144.70684814453125,147.0857476531187,144.55815747232313,145.80709257030463,32200400
2024-01-23,145.74761962890625,145.88638852663772,144.22116175386006,144.60773333501743,21636100
2024-01-24,147.39303588867188,148.5329373289827,146.79831851190932,147.23443853833155,25233500
2024-01-25,150.53518676757812,151.704823433996,148.2256636749095,148.75101933947735,29149100
2024-01-26,150.8523712158203,151.19928591444616,149.68273462913356,149.7719550941985,26115500
2024-01-29,152.16075134277344,152.42838247060587,150.0990312415879,150.7234988316385,27784300
2024-01-30,150.12876892089844,152.26977239045794,149.86113781545077,151.45698753735525,36331800
2024-01-31,138.86862182617188,142.7343374146145,138.64063248081334,142.35767251765228,71910000
2024-02-01,139.9193115234375,141.80260587734793,139.5525532652903,140.87086536289783,40466500
2024-02-02,141.1285858154297,141.3664667061821,135.30026199719302,138.03599811357188,62499600
2024-02-05,142.4171600341797,144.1914358303926,141.5250763668689,141.56473326856243,38505400
2024-02-06,142.8334503173828,144.08237020058561,141.93144506162201,143.37860403545926,29128200
2024-02-07,144.2608184814453,144.34011716332222,142.6649684297807,143.48767523899187,25208900
2024-02-08,144.62757873535156,145.04388547733828,143.82470036690026,144.5482800524002,22563800
2024-02-09,147.69039916992188,148.12653431225093,144.89517764390865,145.3907830102507,26829500
2024-02-12,146.23330688476562,148.0273957523625,146.07470954986746,147.1154837637095,21564100
2024-02-13,143.86434936523438,145.38090083167214,142.42709658572724,143.6462817573447,27837700
2024-02-14,144.6572723388672,145.2321762817776,142.82352674295169,144.79604121304055,22704200
2024-02-15,141.51515197753906,142.25855998207064,139.22545774352974,141.88189508654546,37590700
2024-02-16,139.28492736816406,141.9314580380152,138.90826247425002,141.7332189292563,31468900
2024-02-20,139.87965393066406,140.83122289008293,138.26399071915645,138.43249472896153,25144700
2024-02-21,141.29708862304688,141.43585751636738,139.44351432516038,140.20675080076072,23223300
2024-02-22,142.8235626220703,143.7255680931289,141.54490732630646,143.6561760762736,27191900
2024-02-23,142.69471740722656,143.40837528845117,142.16936175385501,142.40725779738116,19493800
2024-02-26,136.36085510253906,141.18804608290887,136.18242932238044,140.89067986576057,53641800
2024-02-27,137.65933227539062,138.0260753556502,135.88505684049912,136.80689055869198,33099200
2024-02-28,135.1813201904297,136.796983347661,134.21984460085443,136.68794956560583,37328600
2024-02-29,137.24302673339844,137.63950492469195,135.2011201866837,136.07339035713764,42133000
2024-03-01,135.9346466064453,137.64943703156058,135.7165790235201,137.21330186571015,31151100
2024-03-04,132.17794799804688,134.46764221027212,130.75060222297805,134.46764221027212,55999400
2024-03-05,131.50392150878906,132.06891886657937,129.5215001124862,130.72087171210643,40194800
2024-03-06,130.24510192871094,132.40594948451212,129.69994805137367,131.94998583064222,35318600
2024-03-07,133.19888305664062,133.75395856347797,130.45322550531313,131.6228467340528,37738200
2024-03-08,134.21983337402344,136.87627056964266,132.82222277313073,133.03038365770627,39370400
2024-03-11,136.45999145507812,137.8774307891928,134.93353345070832,134.93353345070832,32437800
2024-03-12,137.28268432617188,138.15495459716567,135.82560336197784,135.82560336197784,27563400
2024-03-13,138.5613250732422,139.8499018963494,137.76836868179808,137.77827534305533,23347200
2024-03-14,141.84225463867188,142.32793819304158,139.22545904327845,139.94903860620198,42753400
2024-03-15,139.93910217285156,141.92152332928583,138.7992160577711,141.24750739594128,49475400
2024-03-18,146.3820037841797,150.81271727318136,145.8764917207178,147.30383769364138,69273700
2024-03-19,145.73768615722656,147.48221128274685,144.79603915836432,146.85775892016431,24070400
2024-03-20,147.4326934814453,147.55163393242162,145.45027196690233,146.6991920761811,21311500
2024-03-21,146.30271911621094,149.04836212342065,145.60885946127715,148.15627845947205,24755600
2024-03-22,149.44483947753906,150.24771771386577,147.67056387842288,147.8093327695821,29211800
2024-03-25,148.7509765625,149.05824941731626,146.5207527940521,148.62211434931658,19229300
2024-03-26,149.34571838378906,150.92173980939236,148.66178056238658,148.89967658168865,22149100
2024-03-27,149.5439453125,150.30718174477965,147.59125913003174,149.85121819279237,22879200
2024-03-28,149.6034393310547,150.09904473286645,148.8501245651844,149.5241557764802,24485400
2024-04-01,154.1233673095703,154.3711700008442,149.28625393600836,149.3655526121771,31730800
2024-04-02,153.2015380859375,153.34030699227824,150.8127164395867,152.1508570629753,24586000
2024-04-03,153.558349609375,153.716946940742,151.3875959008957,152.2499594372824,24705000
2024-04-04,149.20693969726562,153.40967834779974,149.12764102936788,152.15083657251893,34724700
2024-04-05,151.15965270996094,152.07156486544667,148.2851473312489,148.71136073150413,23459200
2024-04-08,153.4889678955078,153.90527453372857,151.26865070032358,151.43715468784103,20702000
2024-04-09,155.22360229492188,157.16636680492698,153.825991572372,154.71807515609422,31079500
2024-04-10,154.76763916015625,155.23350940234246,153.3204648733208,154.8370311694787,22838600
2024-04-11,158.0089111328125,158.27652714867145,155.08484241109738,155.53088422887154,27166400
2024-04-12,156.34365844726562,158.81177851890706,155.758847768036,156.57164779653132,25353700
2024-04-15,153.4989013671875,157.8404094057048,153.23127022277416,157.4637444709509,27136500
2024-04-16,153.04295349121094,154.28196708853187,152.08147772971566,152.83480767668053,20779500
2024-04-17,154.10354614257812,155.69939615479163,153.22136912493693,154.25222171449875,21763100
2024-04-18,154.63876342773438,155.56059716944145,153.26098127050776,153.97465412709587,19883000
2024-04-19,152.7356414794922,154.98569383172432,150.96138111672357,154.82709650190313,32615600
2024-04-22,154.9064178466797,156.2544650981797,152.70592872842704,152.95373142080075,26446200
2024-04-23,156.86900329589844,157.57276956282405,154.90641030278562,155.58044145804854,21151600
2024-04-24,157.7313690185547,158.16750416167633,155.7885893241061,156.10578401898567,22779100
2024-04-25,154.62884521484375,155.1145438273879,149.54393027269114,149.99989377882164,57109700
2024-04-26,170.43869018554688,173.17444161155032,168.15890237210272,172.83741845240817,64665300
2024-04-29,164.68966674804688,168.0597925096593,163.75794130995203,167.57409377755957,45610000
2024-04-30,161.34925842285156,166.62250601471732,161.17084777672406,164.15438620390708,33562900
2024-05-01,162.41978454589844,165.65112595593658,161.6565480783854,162.85591967019158,33493200
2024-05-02,165.155517578125,165.26455135719664,162.4495166743879,163.34160023066508,24294500
2024-05-03,165.7700653076172,166.48373814579705,161.61689049574852,166.0872448331008,34662400
2024-05-06,166.62252807617188,166.6621698501134,164.5707146259979,165.98815382038057,21871300
2024-05-07,169.74484252929688,170.2503545716541,166.90997915272567,167.01901294123516,28039700
2024-05-08,167.89126586914062,168.65448718502228,167.25689165384944,167.51460097970468,19569100
2024-05-09,168.46617126464844,169.18975081513116,166.70180236639047,167.90117392580035,15346700
2024-05-10,167.16766357421875,168.35712840771933,164.72929393982457,166.55311783500412,29799900
2024-05-13,167.6533660888672,167.79213497268913,162.55854403329832,162.81625335334653,31327600
2024-05-14,168.8428192138672,169.74482453915033,167.31636146118933,168.2778370057792,25127100
2024-05-15,170.99374389648438,171.13251278258656,169.01132259521063,169.13027815806552,26948400
2024-05-16,172.64906311035156,173.5808035378088,171.17216892717605,171.7668862401435,27867900
2024-05-17,174.5125732421875,174.7207341676862,172.16340845627886,172.64909207464802,24479300
2024-05-20,175.36500549316406,177.19875144536334,174.53239208635316,174.6414258747219,22554400
2024-05-21,176.2868194580078,176.58417055209722,174.26474127015484,175.34515724447746,16989400
2024-05-22,174.82974243164062,175.5929637561036,173.6700277652412,175.08745176039344,17880000
2024-05-23,172.0246124267578,176.6832994864589,171.42987998310477,175.51367817186207,21024900
2024-05-24,173.45196533203125,174.22510846580246,172.12373150315187,173.44204354526818,16579400
2024-05-28,174.84957885742188,175.71194253715282,172.83742214584382,172.91672082470853,20572200
2024-05-29,174.3539581298828,175.2856986187846,173.1843367499764,173.88808788543193,23388700
2024-05-30,170.59725952148438,173.67992513855842,170.28006486489895,173.6600966913534,22931500
2024-05-31,170.98385620117188,171.53893180715215,167.95075369372532,170.34948191938355,37638900
2024-06-03,171.64797973632812,172.99602708676622,169.65565138830266,171.0235120658181,27459100
2024-06-04,172.26251220703125,172.3219975576634,170.37921780326457,171.7570001617278,26879600
2024-06-05,173.86831665039062,175.09740855058237,172.40131355225122,173.66015569569555,22068500
2024-06-06,175.17665100097656,175.59295765203206,174.20526881518043,174.3539443603167,23251000
2024-06-07,172.92662048339844,176.3066373799981,172.7680231459644,175.4938524938292,19661400
2024-06-10,173.67088317871094,175.70520037025813,171.43809934111798,173.63119590631558,23726700
2024-06-11,175.26856994628906,175.48688780612986,172.44038608531787,174.87163664223397,21540600
2024-06-12,176.42959594726562,179.0295587655737,174.76245808700693,176.8860828234983,27864700
2024-06-13,173.81971740722656,175.38762940788288,173.5418611176958,174.76244518542256,20913300
2024-06-14,175.43727111816406,175.7052094322638,172.81747188595338,172.8869435437714,18063600
2024-06-17,175.88381958007812,176.99524483970762,173.47240531751984,174.1174408030097,19618500
2024-06-18,173.75025939941406,176.03266350713454,172.7678442779151,175.78457643329608,21869900
2024-06-20,174.95103454589844,175.93344981927422,173.65106050074036,174.02814261468728,20160100
2024-06-21,178.2555389404297,179.466205138687,175.2586426839211,175.645657934706,57759000
2024-06-24,177.84866333007812,179.5058831721026,177.30286873730756,178.78147315371626,18298000
2024-06-25,182.6218719482422,182.87987707702328,178.04714529101605,178.24561193946573,23130200
2024-06-26,182.47300720214844,183.0981763241254,181.0837105201297,181.23257184786374,19839000
2024-06-27,183.9912872314453,184.62638948700294,182.6119238103733,182.7706880177386,18848900
2024-06-28,180.75625610351562,183.71346525578238,180.56772262567728,182.90966546961494,29156600
2024-07-01,181.58982849121094,182.4730179096056,179.91275737108273,181.6295157623823,16006100
2024-07-02,183.82261657714844,184.15009335463083,180.17076672022137,180.65702287018632,17372500
2024-07-03,184.39816284179688,184.6660859724945,182.59208172180752,183.43558380831382,10242100
2024-07-05,189.14161682128906,189.39962196196515,184.37834132871893,184.4378798117953,20967500
2024-07-08,187.5835723876953,188.71484868992778,186.3431371816496,188.44691044565312,21035900
2024-07-09,187.5339813232422,189.89577517091524,187.27597621110633,188.85380640623399,15121400
2024-07-10,189.71713256835938,190.28277834321375,187.5835898719109,187.70266681734014,15952500
2024-07-11,184.15008544921875,189.39960141202818,183.66382932012837,188.39733505757295,25625800
2024-07-12,183.65391540527344,185.67829936578423,183.07835154835516,183.66383343758727,22898400
2024-07-15,185.1027374267578,186.79965977611926,183.50505596969933,183.50505596969933,16474000
2024-07-16,182.51271057128906,187.2362833659617,181.96691593885006,185.9263913901426,18290700
2024-07-17,179.63490295410156,182.14554307379208,178.52346250305996,181.56997921247492,20734100
2024-07-18,176.3303680419922,181.10356083919302,175.119701930773,180.53791505223174,25315700
2024-07-19,176.3006134033203,178.9104792954856,175.77466998349036,177.511279614787,18881900
2024-07-22,180.2799072265625,181.30202472668176,178.85092330428975,179.20816928485795,24100300
2024-07-23,180.3990020751953,182.205083362309,180.15091498468195,180.65702234023118,36352700
2024-07-24,171.30908203125,174.84183935353695,170.50528237716065,172.27166103830413,49585200
2024-07-25,166.0000457763672,172.09306459024975,165.91073805088556,171.1999570513624,44852000
2024-07-26,165.72218322753906,166.8038393522412,162.80467650128674,165.8710294311091,41336900
2024-07-29,168.23280334472656,169.12591074335177,166.70459365013758,167.53816257445885,20293800
2024-07-30,168.9869842529297,169.91979407162952,167.15114899500833,168.9373789518768,18959700
2024-07-31,170.22743225097656,172.91670298864665,168.7091404604878,171.91443658888358,25729100
2024-08-01,169.45338439941406,172.71821867309802,167.58777995648467,168.94729223504007,24531400
2024-08-02,165.38478088378906,167.22061625981866,163.41000220136607,165.1664630337912,29130100
2024-08-05,158.03146362304688,163.17182044634595,153.74451178437454,154.3101575722687,53630700
2024-08-06,157.0788116455078,159.34137978517677,155.2132070680051,158.11086239581772,49004600
2024-08-07,157.72381591796875,161.73289574421796,157.25741108044065,160.01613770044082,25138600
2024-08-08,160.79019165039062,162.4374934400702,158.9841256428161,159.28181801513983,25578800
2024-08-09,162.41766357421875,162.53674053879345,157.8429367667061,158.785664734338,28602300
2024-08-12,161.0482177734375,163.63824774493187,160.60166401463542,163.09246822974885,15895300
2024-08-13,162.90391540527344,163.46954611395418,161.72301839794923,162.15965411245918,18551700
2024-08-14,159.14291381835938,161.9711129174624,156.50327848683673,161.1573799318549,40591100
2024-08-15,160.06576538085938,160.40316012990777,158.38869452431135,159.2718838038978,31524300
2024-08-16,161.71307373046875,163.79699592189854,159.89707465805918,160.23446942114322,24208600
2024-08-19,165.3946990966797,165.4145503036196,163.0031359185699,164.01533548402497,22416200
2024-08-20,165.9008026123047,167.34963797695062,165.54357171525163,165.62294626435101,18341500
2024-08-21,164.58096313476562,165.57331138365288,163.40998432722168,163.88630724691845,22902000
2024-08-22,162.54664611816406,166.30763931714822,162.06039002531082,165.9801625781286,22493300
2024-08-23,164.3527374267578,164.90845010892556,162.57644045039766,163.45962992213603,13955700
2024-08-26,164.8885955810547,166.26795909914733,163.20160651563705,165.106913416324,14190400
2024-08-27,163.419921875,165.1664646925233,163.201619164844,164.57104961527048,11821900
2024-08-28,161.60394287109375,164.33290096897073,160.29403571593602,163.77717314609376,16407400
2024-08-29,160.54209899902344,164.70004059767595,159.02380738480878,163.05273886524938,19699800
2024-08-30,162.12989807128906,162.40775443186422,160.4528267322231,161.37570354226852,22123800
2024-09-03,156.15594482421875,160.61159459119546,155.28267338679814,160.48258445374879,38945300
2024-09-04,155.2528839111328,157.78337502963737,154.76664294942685,155.4612837104589,19353800
2024-09-05,156.03683471679688,158.22991573533292,154.78646630753778,155.10402499624857,18688700
2024-09-06,149.76519775390625,156.62232787245784,149.39803374273566,156.09638450541732,37912100
2024-09-09,147.7679443359375,152.4282209390493,146.2873778721235,151.54385960268255,39260500
2024-09-10,147.71824645996094,150.3117127852872,147.40026637370062,149.49690018583888,31118800
2024-09-11,150.20242309570312,150.54026559740743,146.5854826673726,148.97027288921362,29607700
2024-09-12,153.71006774902344,153.83924907315188,151.682982309114,152.82570635319718,29621500
2024-09-13,156.4625244140625,157.37669455144265,154.22677778049754,154.44537016884462,29591200
2024-09-16,157.05870056152344,157.2474993531957,155.60795803142506,156.313451749423,18379800
2024-09-17,158.3107452392578,159.53294917671778,157.37669753536267,158.01264265003823,20715600
2024-09-18,158.797607421875,159.4832387245749,157.59528121573842,158.84729370623916,23677300
2024-09-19,161.11285400390625,162.7523953061902,160.31791891468873,162.67291544318158,26587700
2024-09-20,162.55368041992188,162.69279293629415,161.03337393309369,162.46425419413836,40896400
2024-09-23,160.82470703125,164.4416474906759,160.64583942390462,163.3088698512438,24150900
2024-09-24,161.2619171142578,162.18603362584003,159.67206190654358,161.99723481368196,23332100
2024-09-25,160.4669952392578,161.77862539142924,160.27819642927898,160.44711769027916,18869200
2024-09-26,161.69912719726562,163.0405812277503,161.2519809078131,162.6033661315293,20319300
2024-09-27,162.91139221191406,164.65030615932238,161.59976214731748,161.7786145898017,21101300
2024-09-30,164.7993621826172,165.09744958161895,162.22575806160205,162.2853907035285,20413900
2024-10-01,165.93214416503906,168.08839566011457,163.53740758234116,166.62770671794624,28338100
2024-10-02,164.8092803955078,166.4587679633324,163.686434073945,165.36573037932214,17760200
2024-10-03,164.8092803955078,165.5843378961242,162.88156783577605,163.36846915267606,15073100
2024-10-04,166.00169372558594,167.16428010496523,164.4317010051406,166.99535885279488,19047400
2024-10-07,161.94752502441406,167.41268277986842,161.7189863091265,166.65750280293437,22463100
2024-10-08,163.33868408203125,163.68645779124333,161.8382399845631,162.901468985077,23072700
2024-10-09,160.8346405029297,163.7957583809211,158.72807525360884,162.41456443992033,31181800
2024-10-10,161.05325317382812,162.03698715416354,159.38388779769477,159.8509116423071,14144100
2024-10-11,162.2058868408203,162.86169424502742,160.21855675772235,161.10291803821593,15344300
2024-10-14,163.91500854492188,165.17695235890986,162.36487818674945,162.60336327926677,19016100
2024-10-15,164.41183471679688,166.61775729768382,163.58709086133464,164.7397308583214,20247200
2024-10-16,164.11373901367188,164.74968410008972,162.70273632699872,163.48772512033995,16406000
2024-10-17,161.8978271484375,165.31603708942265,161.72890592209077,164.68009211171315,21453400
2024-10-18,162.38475036621094,163.66658684818702,162.0469078679096,162.1562116364337,19757700
2024-10-21,163.0306396484375,163.45790836208016,161.58981312891888,161.9177244301946,20946500
2024-10-22,164.09385681152344,164.71987068710104,161.9475365199372,161.9475365199372,16568100
2024-10-23,161.74879455566406,164.7695447784646,160.90417320390316,163.71624709624942,18280500
2024-10-24,161.68917846679688,162.29531475497333,159.9900045566217,161.79848222899673,22412500
2024-10-25,164.22303771972656,164.54100267206263,162.38475119304076,162.63316747166715,19828900
2024-10-28,165.66387939453125,167.68101873283592,162.9114222786761,167.68101873283592,32138600
2024-10-29,168.60508728027344,169.30066498158368,166.03149830422933,166.66744336321563,42169000
2024-10-30,173.3548126220703,180.86691803166593,172.95733750175077,179.5353953312524,68890800
2024-10-31,170.02603149414062,175.69986574053596,169.91672772946706,172.03323918990733,44769000
2024-11-01,170.20486450195312,171.22835336095886,167.81014346910678,168.9926071986616,31796500
2024-11-04,168.1678924560547,169.64844379948434,166.9456734265419,168.8535086611848,21492700
2024-11-05,168.6647186279297,169.44970738138483,167.77041094544956,168.3566697123956,18242100
2024-11-06,175.39183044433594,175.81911434381482,172.4009037964916,172.69900637438644,33695500
2024-11-07,179.60496520996094,179.93287650946746,176.06751991171046,176.2861274447148,25352900
2024-11-08,177.22018432617188,179.7540183112244,176.95189049215537,179.50560202546419,22006200
2024-11-11,179.20751953125,179.40624953288767,177.33942415917616,177.44872793439595,17450400
2024-11-12,180.46946716308594,181.33396618962504,178.25359803223796,178.6808819487348,25134900
2024-11-13,177.74681091308594,179.81363605883408,177.40895326922643,179.31680352847516,23184000
2024-11-14,174.4677276611328,177.68720818344102,173.21571503907634,177.15062051532624,31007500
2024-11-15,171.39730834960938,173.03684979342893,170.135349355116,172.62944344024277,32504600
2024-11-18,174.1894989013672,174.32861141194803,171.80469351153303,172.32140362031606,20135300
2024-11-19,176.9916229248047,177.73687175049812,172.46051249052883,172.61950254558704,23434900
2024-11-20,174.86517333984375,176.5544009125721,172.67911323618793,176.21655843045156,18997100
2024-11-21,166.56808471679688,173.0269078339117,162.6629730093742,172.79835394534456,59734400
2024-11-22,163.71624755859375,165.4054902668861,162.8616950123504,164.7993539822004,38604600
2024-11-25,166.58795166015625,167.56175439657423,164.56088148234778,165.0378364955745,33135300
2024-11-26,168.0486297607422,168.74420743105776,166.51839224272408,166.56807852805025,20486700
2024-11-27,168.15794372558594,168.40636000516253,166.95561742322607,167.9294049937709,19266500
2024-11-29,167.8797149658203,168.35666996658753,166.10106111500806,167.43256870496816,14257200
2024-12-02,170.4036407470703,170.98989954223964,167.50214035040204,167.7008703464783,23789100
2024-12-03,170.2545623779297,171.58606987747282,169.7676762176285,170.40362122950918,22248700
2024-12-04,173.26536560058594,173.8019532050098,169.9763367929556,170.0657630063179,31615100
2024-12-05,171.54637145996094,174.94470486100622,171.23833765246434,174.24914220502538,21356200
2024-12-06,173.60325622558594,173.97090750291954,170.77130430056872,170.94022556750923,21462400
2024-12-09,174.45875549316406,175.3441303590525,172.7476915668061,173.05609352730906,25389600
2024-12-10,184.2078399658203,185.39165905883286,180.10925267461994,181.89990276575224,54813000
2024-12-11,194.3846893310547,194.59360484337623,183.88951960925283,184.34712093414166,67894100
2024-12-12,190.9625701904297,194.16582489848338,190.71386920648584,193.98676747620544,34817500
2024-12-13,188.8336639404297,191.72853145186417,188.65459136371652,190.01746770750015,25143500
2024-12-16,195.6381378173828,197.96597529078676,191.6191215772895,191.8678225512729,44934900
2024-12-17,194.40457153320312,200.37339478634232,193.96685539925252,196.22506444695088,43504000
2024-12-18,187.42103576660156,195.97635478856293,186.7644767742897,194.2056051830061,34166100
2024-12-19,187.53048706054688,192.02700516266594,187.40117286917095,190.63428570513082,32265200
2024-12-20,190.4154052734375,191.88771069567545,184.25756711987572,184.8146548375062,63462900
2024-12-23,193.61871337890625,194.0862724877592,189.16198039152084,191.61914756204428,25675000
2024-12-24,195.09100341796875,195.09100341796875,192.7731083908338,193.82759815006608,10403300
2024-12-26,194.5836639404297,195.7276824419866,193.37000187433253,194.1359900072514,12046600
2024-12-27,191.75840759277344,194.30511850410315,189.6593706110804,193.93703071352402,18891400
2024-12-30,190.24630737304688,191.5494980812226,188.13731273783964,188.8137872976618,14264700
2024-12-31,188.31640625,190.9625886175899,187.5305025643788,190.08715621219056,17466900
