Date,Open,High,Low,Close,Volume
2020-01-02,149.80820704914478,151.64802030530632,149.3836369741226,151.5442352294922,22622100
2020-01-03,149.3742503968611,150.91213864205648,149.1289322940356,149.65728759765625,21116200
2020-01-06,148.20426936424013,150.11013423451627,147.66647003884313,150.04408264160156,20813700
2020-01-07,150.31771277402052,150.64792756722025,148.4307217388253,148.676025390625,21634100
2020-01-08,149.949776674837,151.71412356453547,149.0251548459884,151.0442352294922,27746500
2020-01-09,152.69529374996068,153.053826612791,151.9310647710623,152.93116760253906,21385000
2020-01-10,153.61997098497042,153.9973634920825,152.07262427464744,152.2235870361328,20725900
2020-01-13,152.61988313499708,154.0823045781937,152.1481352111662,154.0540008544922,21626500
2020-01-14,154.15774765402992,154.3558880672922,152.5821117076889,152.9689483642578,23477400
2020-01-15,153.4312851488826,154.67670653765384,153.384121875317,153.9596405029297,21417900
2020-01-16,155.06351557217135,156.8467217717717,154.7615900543168,156.78067016601562,23865400
2020-01-17,157.96006852492908,158.00724619527017,156.08250665954205,157.6581573486328,34371700
2020-01-21,157.26187861407058,158.68656653645183,157.0260046557006,157.09205627441406,29517200
2020-01-22,157.94117430658434,158.02609986094006,156.3183605520355,156.3372344970703,24138800
2020-01-23,156.79955474739776,157.3750877078265,155.93154041958098,157.2996063232422,19680800
2020-01-24,158.04494334885658,158.06381729197344,155.15784910579725,155.71450805664062,24918100
2020-01-27,152.04433408904563,154.14833997343501,151.14801600742726,153.11048889160156,32078100
2020-01-28,154.52571391469783,156.39383124054007,153.85584007609117,156.1107940673828,24899900
2020-01-29,158.3562714423913,159.21485574931927,156.32776200185393,158.5449676513672,34754500
2020-01-30,164.21544030441976,164.21544030441976,161.1396349055562,163.01719665527344,51597500
2020-01-31,162.4793526106027,162.6586046472584,159.99795504912353,160.61122131347656,36142700
2020-02-03,160.79995976933012,164.63999404803988,160.77165605102132,164.5267791748047,30107000
2020-02-04,167.13084564989816,170.43308095412178,166.34774240730417,169.9424591064453,36433300
2020-02-05,173.6314737413291,173.79186624691567,168.32903369846085,169.73483276367188,39186300
2020-02-06,170.7444028199159,173.4333710847966,169.88581835396727,173.2541046142578,27751400
2020-02-07,172.51820616498347,175.141123236551,172.1691029426966,173.4994354248047,33529100
2020-02-10,173.20690531169305,178.16968645015277,172.89555006965108,178.03759765625,35844300
2020-02-11,179.87740947996318,179.9245871338013,173.13142248247357,174.018310546875,53159900
2020-02-12,175.0939384809837,175.3486863579393,171.5747034556138,174.27310180664062,47062900
2020-02-13,172.73519819186575,175.70720395202792,172.53705775610726,173.32960510253906,35295800
2020-02-14,172.89559109097496,174.93354530608588,172.32948789902122,174.87693786621094,23149500
2020-02-18,175.12219199408864,177.0940940400316,175.01840691816543,176.65065002441406,27792200
2020-02-19,177.91844709809394,178.03197121372997,176.4141948222158,177.18051147460938,29997500
2020-02-20,176.86834070596387,177.15216548712084,171.33382243507927,174.4747772216797,36862400
2020-02-21,173.29215209549287,173.60435785009562,167.6914028824493,168.95913696289062,48572600
2020-02-24,158.7226349755328,165.13700729463477,154.42745645308867,161.67437744140625,68311100
2020-02-25,164.80585480979238,165.41134073594938,158.60907598738845,159.00643920898438,68073300
2020-02-26,160.5579787737206,163.9165247766763,159.13886994906164,160.9931640625,56206100
2020-02-27,154.51260805417675,158.02252986335748,149.46056861111845,149.6497802734375,93174900
2020-02-28,144.19096386419696,154.88158975850237,143.80307053825447,153.27325439453125,97012700
2020-03-02,156.39527365057177,163.5948873794093,153.5570555882588,163.47189331054688,71030800
2020-03-03,164.42741969774957,165.56270392318126,153.50973388064168,155.63839721679688,71677000
2020-03-04,159.40378432160293,161.49459677203134,156.6885460281868,161.35269165039062,49814400
2020-03-05,157.09536018483988,161.6554226701789,156.75477346692026,157.30349731445312,47817300
2020-03-06,153.84085795286106,154.3138942279223,147.58731781911428,152.85694885253906,72821100
2020-03-09,142.85696399322785,149.24295410550792,141.9108913840012,142.49745178222656,70419300
2020-03-10,149.63084915826624,152.34607296024774,144.35176220231784,152.24200439453125,65354400
2020-03-11,148.6564082651572,149.19566219854573,142.99888311407793,145.34515380859375,56371600
2020-03-12,137.46436615258762,145.19377837676913,131.1067564557763,131.5608673095703,93226400
2020-03-13,139.5457337596405,153.1786458580009,133.14081705620686,150.26473999023438,92727400
2020-03-16,132.45020301671514,141.29599020684492,127.71983862326103,128.1171875,87905900
2020-03-17,132.45015934434994,139.54570359494014,127.71979651062317,138.66586303710938,81059800
2020-03-18,130.55802937295286,138.12661078587766,127.73873683869692,132.82859802246094,81593200
2020-03-19,135.07081540201364,142.0528227308985,131.50411696458423,135.01405334472656,85922700
2020-03-20,138.12660739420775,139.16729308730046,128.53343126632095,129.94308471679688,84866200
2020-03-23,129.62141109096703,132.98944191639754,125.37355404915603,128.64695739746094,78975200
2020-03-24,135.99795327111457,141.53248444816953,133.65169697152206,140.34042358398438,82516700
2020-03-25,140.87966835078421,146.00737989282055,136.650722853414,138.99697875976562,75638200
2020-03-26,140.3971505448925,148.21171848467063,140.36876952530807,147.69137573242188,64568100
2020-03-27,143.56652704755473,146.53719464098646,141.1540388623716,141.6270751953125,57042300
2020-03-30,144.21931847637944,151.93927483997578,141.92035440787237,151.58921813964844,63420300
2020-03-31,150.80398997511287,155.89386596934028,148.11714684043403,149.20513916015625,77927200
2020-04-01,144.7491545772204,149.24300087945437,142.68672257196636,143.9071502685547,57969900
2020-04-02,143.67059624516327,147.0953746911042,142.2514872401482,146.88723754882812,49630700
2020-04-03,146.73586375961153,148.8929080992984,143.98278907166946,145.5343475341797,41243300
2020-04-06,151.674380216992,157.52110249756834,149.08213585583528,156.35743713378906,67111700
2020-04-07,160.4444503945996,160.83234362915013,154.45580904362706,154.6734161376953,62769000
2020-04-08,156.735863755087,157.68193646280352,154.68288771165297,156.22499084472656,48318200
2020-04-09,157.38866118857393,158.34418945652004,154.52206194881128,156.2344512939453,51385100
2020-04-13,155.48703939874497,156.6412491390872,153.54758765892907,156.58447265625,41905300
2020-04-14,159.8862710690104,164.38011596592045,158.9401984591346,164.3328094482422,52874300
2020-04-15,161.9676554409461,164.20985772371654,160.11336089467187,162.61099243164062,40940800
2020-04-16,164.90044626603395,167.71973838730918,163.57593605123742,167.49267578125,50479600
2020-04-17,169.82007244079958,170.2931088542837,166.38582345940864,168.96861267089844,52765600
2020-04-20,167.10481731275797,169.11048671754907,165.5532587393318,165.61947631835938,36669600
2020-04-21,164.143629778623,164.3044604213112,157.1521524075642,158.7699432373047,56203700
2020-04-22,162.1473821076544,164.6166321676054,161.60812823309527,164.1625213623047,34620200
2020-04-23,164.72070363625357,165.6194697336528,161.69327415431388,162.17576599121094,32790800
2020-04-24,162.78128221888915,165.14646419797546,161.50409261173763,165.1370086669922,34277600
2020-04-27,167.06694302248667,167.3602231942558,163.95437078013265,164.66392517089844,33194400
2020-04-28,166.12087065346748,166.19655818752892,160.25522390495402,160.65257263183594,34392700
2020-04-29,163.87870603510657,168.09818198150484,162.6109721452684,167.86166381835938,51286600
2020-04-30,170.2930911771575,170.6715144942926,166.72639294766603,169.5457000732422,53875900
2020-05-01,166.31959502467402,169.0064382134677,164.62611669069204,165.1559295654297,39370500
2020-05-04,165.08019570399185,169.34697748159672,164.42740336931547,169.1956024169922,30372900
2020-05-05,170.8796353689669,173.74623430912706,170.198461914283,171.0120849609375,36839200
2020-05-06,172.26092059498853,174.26659011866553,171.83519076310364,172.69610595703125,32139300
2020-05-07,174.23822860724684,174.5977408964451,172.73397629601027,173.698974609375,28316000
2020-05-08,175.00451254481112,175.02343803963055,173.47187949066208,174.72068786621094,30877800
2020-05-11,173.27321978678938,177.39809758752233,172.98940950823808,176.6696319580078,30892700
2020-05-12,176.7263689902823,176.9534171809746,172.46904218373015,172.66770935058594,32038200
2020-05-13,172.70555522733514,174.124664120845,167.01964968834875,170.05654907226562,44711500
2020-05-14,167.96574720991572,170.94588499008822,166.20605134339007,170.7945098876953,41873900
2020-05-15,169.403750532531,176.9723310236414,167.45484336581754,173.28265380859375,46610400
2020-05-18,175.7329910015149,176.15872079777952,174.0395273458231,174.93829345703125,35264500
2020-05-19,175.05180600072785,176.53714686086957,173.59486059865768,173.72731018066406,26799100
2020-05-20,175.33060163548956,176.317265378231,174.50523087994878,176.1370086669922,31261300
2020-05-21,175.89036299593658,177.09522556251395,173.88858961139377,174.0214080810547,29119500
2020-05-22,173.793711198166,174.99857365139462,173.17704270151106,174.0972900390625,20826900
2020-05-26,176.78214484582574,176.9339415138883,171.81092701385654,172.25682067871094,36073600
2020-05-27,170.95710776267882,172.65530248461448,167.54176906562353,172.48452758789062,39517100
2020-05-28,171.46939932810795,174.70448091194282,171.12786404793408,172.0955352783203,33810200
2020-05-29,173.3573454571367,174.81836335004485,171.15635122877697,173.85067749023438,42130400
2020-06-01,173.1770761664217,173.61348802494285,172.15248471379252,173.45220947265625,22622400
2020-06-02,174.79935617005145,175.51088679218194,172.048110221598,175.42550659179688,30794600
2020-06-03,175.340121328542,176.40266906121542,174.1637188558485,175.8524169921875,27311000
2020-06-04,174.8468034419461,176.30780669177656,172.94938835191115,173.53758239746094,28761800
2020-06-05,173.2530152572902,178.100912735011,172.67430291538932,177.5980987548828,39893600
2020-06-08,176.4026467981423,178.87877355820228,174.9795857745705,178.69851684570312,33211600
2020-06-09,178.35699053914897,180.91849761443282,177.65494185434483,180.06466674804688,29783900
2020-06-10,181.32644965381985,188.3373967476079,181.21259492226793,186.74356079101562,43872300
2020-06-11,183.22386200368558,185.7189525839172,176.52599017788074,176.71572875976562,52854700
2020-06-12,180.76675195881117,181.88623453010308,175.68167829988911,178.11038208007812,43373600
2020-06-15,175.1124591548258,181.0324000812959,174.57168884769598,179.2488250732422,32770200
2020-06-16,182.99621344964388,185.54823928045562,181.63956849263874,183.64134216308594,42556700
2020-06-17,185.02643488567597,186.25027574878882,183.7551702253078,184.27696228027344,25687800
2020-06-18,184.04928125447887,186.41156847786314,184.04928125447887,186.2502899169922,23061600
2020-06-19,188.40379930616814,189.06789159169878,184.40025291552126,185.14024353027344,44441100
2020-06-22,185.74742222527766,190.46249933268095,185.21614837815503,190.28225708007812,32818900
2020-06-23,191.72427295488754,193.48886927918585,191.09812260326936,191.5535125732422,30917400
2020-06-24,191.2594563290366,192.82481806531447,186.47796195893972,187.6923065185547,36740600
2020-06-25,187.6543607899241,190.32022675323847,185.44387040822522,190.06407165527344,27803900
2020-06-26,189.48535016501688,189.63714684348795,184.88412734837098,186.25975036621094,54675800
2020-06-29,185.73796999200283,188.3469158529833,183.62235612896023,188.26153564453125,26701600
2020-06-30,187.7302732345924,193.9158366509064,187.59745474347227,193.0714874267578,34310300
2020-07-01,192.72044279649725,195.76580026984053,191.42071814154644,194.20042419433594,32061200
2020-07-02,195.13015257335095,197.35013913569628,194.48503841884437,195.68040466308594,29315800
2020-07-06,198.11857614111364,200.30060614513152,197.41652742513998,199.8926544189453,31897600
2020-07-07,199.6554977974831,203.65904475231002,197.32168536857642,197.56834411621094,33600700
2020-07-08,199.29502422948116,202.32138949194444,197.98580303193796,201.9134521484375,33600000
2020-07-09,205.23389268976726,205.28133095940976,200.62317371738888,203.32699584960938,33121700
2020-07-10,202.66290413404784,203.09931598071202,200.25319330353184,202.71034240722656,26177600
2020-07-13,203.47876352409864,204.73106426787515,195.9080823607609,196.4488525390625,38135600
2020-07-14,195.5571215459545,198.13760763105688,191.66741421110925,197.6632537841797,37591800
2020-07-15,198.81113425020624,200.4903505182694,194.51349058750174,197.3690948486328,32179400
2020-07-16,194.86454776238327,195.1491629558851,191.9330445644137,193.46046447753906,29940700
2020-07-17,193.9822422543224,194.52299805350623,191.06022113744223,192.4738006591797,31635300
2020-07-20,194.4850750154066,201.41064399654718,192.59714151482572,200.74655151367188,36884800
2020-07-21,202.70086709030062,202.96650405732726,197.35963872790919,198.04270935058594,37990400
2020-07-22,198.46963238116317,201.41063181098787,197.70118152060454,200.8888397216797,49605700
2020-07-23,196.5626664229399,200.10134057377687,191.78117355788524,192.1511688232422,67457000
2020-07-24,190.13997095622724,192.4548197616395,187.37922843127433,190.97483825683594,39827000
2020-07-27,191.136129411708,193.50789851199113,190.5574171721937,193.39405822753906,30160900
2020-07-28,193.1663240584175,194.20041170242473,191.3922457630907,191.6578826904297,23251400
2020-07-29,192.11328024636595,194.15299570297475,191.64840833214134,193.59326171875,19632600
2020-07-30,190.69022112897082,193.97275568307558,189.33357625555024,193.44146728515625,25079600
2020-07-31,193.9158403593291,194.57994730375984,188.80230663921913,194.4945526123047,51044000
2020-08-03,200.6706193833469,206.47670479362864,199.64601352103927,205.43312072753906,78983000
2020-08-04,203.18472090150962,203.75395129663647,199.52270869905698,202.349853515625,49280100
2020-08-05,203.87723507455476,203.97211161459398,200.71805185226052,202.0177764892578,28806400
2020-08-06,201.44857235284556,205.2718628994895,200.6990997033003,205.25289916992188,32656800
2020-08-07,203.82982184764134,204.6362145752695,200.11087553199408,201.5813751220703,27820400
2020-08-10,200.81292214799484,201.01215709979328,195.76580559059593,197.56834411621094,36716500
2020-08-11,196.53426409900342,196.99912154458283,192.7204556060686,192.94815063476562,36446500
2020-08-12,194.76016076380623,199.4942165085806,194.2478650715753,198.4601287841797,28013100
2020-08-13,198.69728797277943,200.50932265218785,197.47344727210242,197.9952392578125,22588900
2020-08-14,198.05217908321634,198.83960807157098,196.86629466872947,198.18499755859375,17958900
2020-08-17,198.84911796083807,200.35755956457717,198.20398926781266,199.49423217773438,20184800
2020-08-18,199.73140051485709,201.46753707867512,198.47911406909904,200.6421661376953,21336200
2020-08-19,201.12716528826644,201.70727635922714,198.9969182630244,199.42486572265625,27627600
2020-08-20,199.27269804095937,204.4651687103095,198.6735774141608,204.0657501220703,26981500
2020-08-21,203.38103630421907,205.6539276875815,202.42053069832917,202.5821990966797,36249300
2020-08-24,204.2654985218534,204.95973970025923,202.02113558012567,203.2194061279297,25460100
2020-08-25,202.65827587493317,205.99628345218457,202.65827587493317,205.86314392089844,23043700
2020-08-26,207.20405021886822,211.20775529198036,206.70952576058684,210.31381225585938,39600800
2020-08-27,211.96858760041155,219.82384972072043,208.64958927330213,215.477783203125,57602200
2020-08-28,216.9993776717254,219.3388462628036,215.4777849434819,217.69361877441406,26292900
2020-08-31,215.87720527831104,217.49390391341316,213.3190105239383,214.47923278808594,28774200
2020-09-01,214.46020134670846,216.30514535953128,213.4331186639683,216.13397216796875,25725500
2020-09-02,216.79968568500595,221.45007970614427,216.2100697451334,220.2993621826172,34080800
2020-09-03,218.03596205488873,218.07399570279384,204.42714264306883,206.65248107910156,58400300
2020-09-04,204.56032505463872,207.6605831535333,195.13590147076314,203.75196838378906,59664100
2020-09-08,196.3816986090303,199.73873084324882,192.2923915711213,192.7298583984375,52924300
2020-09-09,197.42779993984246,204.31303742314904,196.57189039154144,200.93698120117188,45679000
2020-09-10,202.9435570623291,204.2179091134677,194.1087663570984,195.30702209472656,35461500
2020-09-11,197.04740148822023,198.40734044461416,191.37944373526474,194.03273010253906,33620100
2020-09-14,194.23246900917414,198.9494263176015,194.0327523941827,195.3451385498047,30375800
2020-09-15,198.2075811547893,199.50094279817782,196.79058476623734,198.54994201660156,21823900
2020-09-16,200.29981429738623,200.3283431648329,194.6128327120966,195.00274658203125,26328100
2020-09-17,190.24772725890895,194.3180098283197,190.16214066313728,192.96759033203125,34011300
2020-09-18,192.86297571699993,193.67131773464936,186.63391723323332,190.57106018066406,55225300
2020-09-21,187.52784665801775,192.777375041513,186.75753834582798,192.61569213867188,39839700
2020-09-22,195.01221415675678,197.90326460276722,192.17823594587236,197.25657653808594,33517100
2020-09-23,197.71302757806248,197.90323931527112,190.22865717246034,190.76121520996094,30803800
2020-09-24,190.05753199798957,195.49725820179677,189.43937271825766,193.23387145996094,31202500
2020-09-25,193.576230870522,198.79721638343335,192.6157107003386,197.6370086669922,29437300
2020-09-28,200.54705579518048,202.15424948857515,197.8652265411116,199.1776123046875,32004900
2020-09-29,199.09200313404907,199.77672480163702,196.67645322030296,197.10440063476562,24221900
2020-09-30,197.55140923532704,201.5931629854757,196.41971586350593,200.02401733398438,33829100
2020-10-01,203.02919717182243,203.50469764479027,200.96552686047664,202.04966735839844,27158400
2020-10-02,197.80817750902324,200.65167528471918,195.46870902474427,196.0868682861328,33154800
2020-10-05,197.06639754821663,200.10009258534964,196.838152119923,200.07156372070312,21331600
2020-10-06,198.58803404418717,199.88138146216883,194.7840300775394,195.82061767578125,28554300
2020-10-07,196.9142614192931,199.8148173226299,196.59092456741251,199.5485382080078,25681100
2020-10-08,200.19521800770082,200.84190624227702,198.1125379787301,200.2617950439453,19925800
2020-10-09,200.87991823945055,205.2830570981348,200.87991823945055,205.23550415039062,26458000
2020-10-12,208.06949215642354,212.89107395427078,206.1865143322862,210.55160522460938,40461400
2020-10-13,211.80690868034506,214.17490600080814,209.62910862604807,211.94004821777344,28950800
2020-10-14,212.07319672735386,213.23341896450984,208.3928279568552,210.03805541992188,23421700
2020-10-15,206.4622605652301,209.5625176651339,205.42565875976769,208.89682006835938,22733100
2020-10-16,209.3628011305419,211.39794207560644,208.57348330865736,208.89682006835938,26057900
2020-10-19,209.61960631820077,211.40749256575168,203.24790350407042,203.72340393066406,27625800
2020-10-20,205.22598388990758,206.7190476608561,202.6487652321847,204.13232421875,22753500
2020-10-21,202.67731999633713,206.2911265473587,202.67731999633713,204.27500915527344,22724900
2020-10-22,203.44759801543634,205.47323440119598,201.32687025455576,204.36056518554688,22351500
2020-10-23,204.49370487394282,205.68245589725836,202.71533798662145,205.63490295410156,18879600
2020-10-26,203.37151652042783,205.73949910463583,197.90326219909565,199.78623962402344,37111600
2020-10-27,201.22226892417387,204.15135332070517,200.02401306196077,202.80093383789062,36700300
2020-10-28,197.49430840598671,198.60697745423386,192.19724219282116,192.74880981445312,51195600
2020-10-29,194.07077424346542,197.19956103907322,193.40506195786438,194.6889190673828,31432600
2020-10-30,193.5286936375515,194.27997800437075,189.83880530203297,192.54916381835938,36953700
2020-11-02,194.2799538734767,195.22144992256125,190.31428213947027,192.41600036621094,30842200
2020-11-03,193.89954320443871,197.9222723318203,193.16726856054942,196.31507873535156,27512000
2020-11-04,203.5332416095093,207.62254888258494,202.01163417869662,205.787109375,42311800
2020-11-05,211.16021747082223,213.13830093445856,210.31382731432063,212.34896850585938,36080100
2020-11-06,211.36945163349586,213.3665592979318,207.3467219500644,212.75791931152344,25231900
2020-11-09,213.442692331923,216.94236946584022,207.20412734633123,207.6891326904297,44395000
2020-11-10,203.98966750504076,205.89166906685932,199.44388493318402,200.67066955566406,44045100
2020-11-11,201.98305746897677,207.35620613498025,201.8023649968637,205.93922424316406,29440800
2020-11-12,206.56689674868196,208.37379252192883,203.95164446517558,204.8836212158203,21593900
2020-11-13,205.75853976225488,206.76659831833058,203.66634084251578,205.90118408203125,18621100
2020-11-16,204.34152934207066,207.07091139997414,204.00868778162783,206.5858917236328,24953300
2020-11-17,205.5113164330714,207.01388520327933,203.59029040110073,203.95167541503906,24154100
2020-11-18,203.7132809002131,205.16259082846608,201.11978504928186,201.2628173828125,28372800
2020-11-19,201.54882732756656,203.1220808390254,200.16625445791493,202.5404510498047,24792700
2020-11-20,202.3307353728972,203.37003680442817,200.2330586209765,200.60491943359375,22843100
2020-11-23,201.13888043673134,202.41655461114135,198.47864751842303,200.33795166015625,25683500
2020-11-24,199.84211894469007,204.28538924574306,199.14607478437247,203.9135284423828,33979700
2020-11-25,205.10532223513331,205.2769435249912,202.5785784737212,203.92298889160156,21012900
2020-11-27,204.85747104569143,206.21142601667475,204.08513140142963,205.21978759765625,14512200
2020-11-30,204.14235782857054,204.77165061209422,201.03396893960857,204.11375427246094,33064800
2020-12-01,204.53325969211036,207.21258045120723,203.427221673315,206.15420532226562,30904500
2020-12-02,204.88605516495122,205.4486111007541,202.9027930641658,205.35325622558594,23724500
2020-12-03,204.62863528432734,206.31631786058674,203.71327783050998,204.27584838867188,25120900
2020-12-04,204.2567859272353,205.36283866897801,203.26514741770256,204.39027404785156,24666000
2020-12-07,204.39978258353827,205.51536487958126,203.08397540183014,204.32350158691406,24620000
2020-12-08,204.01840165272458,206.85979980104426,202.98862997399976,205.96351623535156,23284100
2020-12-09,205.1530082722251,205.21974503804444,201.3867239126534,201.94927978515625,32440600
2020-12-10,201.92071460477283,203.16978500107612,200.57628932591146,200.72885131835938,26733300
2020-12-11,200.28071849667674,203.3986370668293,199.38443493743736,203.34141540527344,30979400
2020-12-14,203.18888557447357,206.15424240250815,202.9791164445845,204.2377166748047,28798400
2020-12-15,205.16259868933062,205.40097137190162,202.36887783317297,204.1709747314453,27000600
2020-12-16,204.7621245198749,209.87283517134597,204.73352096326568,209.08143615722656,35023300
2020-12-17,209.64397264344512,210.6165371249153,207.78466889145207,209.21490478515625,32515800
2020-12-18,208.42352294921875,209.47236851032108,205.97305948244417,208.42352294921875,63354900
2020-12-21,207.4318862354392,213.5818977933264,207.1744396955976,212.2374725341797,37181900
2020-12-22,212.3328406363443,215.13610554728626,211.53191196153603,213.5247039794922,22612200
2020-12-23,212.73330101406674,213.16236889979098,210.53073992478457,210.74050903320312,18699600
2020-12-24,211.12190083843498,213.2100477180936,210.91213172866298,212.39004516601562,10550600
2020-12-28,214.01096389681823,215.51748080223268,212.64747931196476,214.49725341796875,17933500
2020-12-29,215.78450397899442,216.61403633218993,213.1814781282285,213.72496032714844,17403200
2020-12-30,214.75466040702486,215.13606533500953,211.16954137863118,211.36976623535156,20272300
2020-12-31,211.3888944378769,212.62843531139845,209.46283906668538,212.07540893554688,20942100
2021-01-04,212.18027520947413,212.62841698318834,204.81932615715849,207.5653839111328,37130100
2021-01-05,207.15537629858184,208.35678384593277,205.66793319149298,207.76560974121094,23823000
2021-01-06,202.30206069530036,206.4211462938794,202.0827619724186,202.3783416748047,35930700
2021-01-07,204.0851461523831,209.1386498496108,203.77050701978357,208.13748168945312,27694500
2021-01-08,208.509325603842,210.32096654437632,206.9360718717711,209.40560913085938,22956200
2021-01-11,208.3090809689582,208.7286191374999,206.65000217948275,207.37466430664062,23031300
2021-01-12,206.43073369979606,207.00283393154243,203.39864029923487,204.93374633789062,23249300
2021-01-13,204.06609203445853,206.6786473478846,203.98026681062188,206.27818298339844,20087100
2021-01-14,205.86813577005572,207.34604894355857,202.8455726540986,203.112548828125,29480800
2021-01-15,203.58932764260769,204.5332740745868,202.1686213365607,202.75978088378906,31746500
2021-01-19,203.80867291259005,206.8884443406278,202.7407677967886,206.37356567382812,30480900
2021-01-20,207.5749346341582,215.28867135702768,207.18399993248087,213.90611267089844,37777300
2021-01-21,214.24935885539745,215.77494980554735,212.07540120835768,214.50680541992188,30709400
2021-01-22,216.5186569680968,219.3695992284759,215.29819010893078,215.4412078857422,30172700
2021-01-25,218.46374069262419,219.0930479201383,213.79164301974544,218.85467529296875,33152100
2021-01-26,221.07636380300931,223.28845475671793,219.3791514478603,221.52450561523438,49169600
2021-01-27,226.93080188116176,229.25732167368406,219.4363638925336,222.0679931640625,69870600
2021-01-28,224.65193866409186,231.3549769497505,224.15611943901934,227.81752014160156,49111200
2021-01-29,225.01422690362025,226.94981144239858,220.59003159368262,221.17166137695312,42503100
2021-02-01,224.12746483152188,231.22143617012472,221.61978027012665,228.5039825439453,33314200
2021-02-02,230.07728550233475,231.04030577405533,227.58867444558177,228.3705291748047,25916300
2021-02-03,228.4277309103842,233.69098810658602,228.13213662786598,231.6981964111328,27158100
2021-02-04,231.37405012765626,231.9270764637122,229.19054833968426,230.7542724609375,25296100
2021-02-05,230.96404361998185,231.96521174500666,229.23822781496764,230.93544006347656,18054800
2021-02-08,231.84123772980857,232.34658659294607,229.61007317756622,231.19287109375,22211900
2021-02-09,230.62079300643464,233.37638057200232,230.1535918707079,232.43243408203125,23565000
2021-02-10,233.60518321229108,234.4823927666235,229.6863364956225,231.52658081054688,22186700
2021-02-11,233.39543288023918,233.74821975404504,230.88774789305762,233.11892700195312,15751100
2021-02-12,232.5849755201089,233.89126765033635,231.44078960935016,233.59568786621094,16561100
2021-02-16,233.6338212360362,234.68266680852793,231.6219553099753,232.3656768798828,26728500
2021-02-17,230.62633988583025,233.48383401445355,230.26317424435055,233.3787078857422,21653500
2021-02-18,231.0850397829088,233.12064247435825,230.18669197965465,232.98684692382812,16925600
2021-02-19,232.94863218954157,233.05375830942427,229.53682368458402,230.2918243408203,25262600
2021-02-22,226.89917052371112,227.38656556821104,222.10161844624733,224.1181182861328,36446900
2021-02-23,220.1233231539587,224.4239133780641,218.5942185745613,222.93304443359375,30228700
2021-02-24,219.81750035690945,224.77751683776836,218.85226200566777,224.1563262939453,26339700
2021-02-25,221.79576547197954,224.1945337785198,217.78188435010034,218.8426971435547,39542200
2021-02-26,221.27013424972316,224.93996757449008,219.36831252056643,222.0824737548828,37819200
2021-03-01,225.44649207075136,226.94692722517456,222.8183535831064,226.44041442871094,25324000
2021-03-02,226.5073102648569,226.784467587276,223.10506778464256,223.50645446777344,22812500
2021-03-03,221.87217682722883,223.22924987971342,217.1893043229013,217.47601318359375,34029500
2021-03-04,216.69239700995695,222.18759526620298,214.32228361038455,216.68283081054688,44727800
2021-03-05,219.34920613150112,222.9330311039714,216.42480728718476,221.3370361328125,41872800
2021-03-08,221.11721209862156,223.0285853688386,217.06511009863868,217.31358337402344,35267400
2021-03-09,222.56031325714096,224.94952989865914,221.40392598629288,223.42042541503906,33080500
2021-03-10,226.49777489668543,226.49777489668543,221.75756188333716,222.1207275390625,29746800
2021-03-11,224.5481556095097,228.5715884889649,223.92695049895786,226.6219940185547,29907600
2021-03-12,223.64026135026475,225.37006669631376,222.89482681776772,225.30316162109375,22653700
2021-03-15,224.54816217518373,224.7679660415921,221.53774020361377,224.40480041503906,26034900
2021-03-16,225.80963010169157,229.42212430580386,225.48470015547667,227.17626953125,28092200
2021-03-17,225.68541960258835,227.97907654629918,222.89481604963598,226.53598022460938,29562100
2021-03-18,222.25447733162704,223.812251183883,220.1233002587038,220.4960174560547,34833000
2021-03-19,220.78276444867765,222.16850736597712,219.18676927273987,220.1424560546875,46430700
2021-03-22,220.06598722171685,226.40218032029384,219.94174328047853,225.5325164794922,30127000
2021-03-23,226.96602417339062,230.36826626043398,226.5646375366449,227.05203247070312,31638400
2021-03-24,227.31010706233886,227.453454246672,224.89222066909963,225.02601623535156,25620100
2021-03-25,224.8730896144775,226.44041526230157,221.30838220851965,222.04425048828125,34061900
2021-03-26,221.28923500414234,226.22058135679828,221.28923500414234,226.00076293945312,25479900
2021-03-29,226.10594914214153,226.30664979770663,221.60467222897535,224.81578063964844,25227500
2021-03-30,223.1815355819631,223.4873623553538,220.85922367484778,221.57598876953125,24792000
2021-03-31,222.5890009792201,228.50470420290134,222.09203979381766,225.322265625,43623500
2021-04-01,227.90260302398238,232.0789491359086,227.50121636956897,231.6106719970703,30338000
2021-04-05,232.0025025067712,238.88345854528154,231.9451636368873,238.03289794921875,36910600
2021-04-06,236.6376041839014,238.34827710378195,235.93995691762169,236.87652587890625,22931900
2021-04-07,236.82872905017194,239.81046701686373,236.23620793695045,238.82611083984375,22719800
2021-04-08,241.56893863766072,242.87822479030498,240.8330557729979,242.0276641845703,23625200
2021-04-09,241.66450935083208,244.646261995429,241.25357103856228,244.51246643066406,24326800
2021-04-12,243.42298773302826,246.25182703657708,243.33696483947543,244.56980895996094,27148700
2021-04-13,245.85998537594716,247.70445382432965,245.4490179032841,247.03546142578125,23837500
2021-04-14,246.07019292318083,247.36034648345415,243.8529930416568,244.26393127441406,23070900
2021-04-15,246.50026676594953,248.4116401910308,246.30914692258776,248.00070190429688,25627500
2021-04-16,247.97207916164925,249.43427894055287,246.1849493391281,249.185791015625,24878600
2021-04-19,248.66009498345286,249.89293884486133,246.39512244253876,247.2743377685547,23209300
2021-04-20,246.39513885175572,248.6696777428783,245.45855543622233,246.81564331054688,19722900
2021-04-21,247.46549550693396,249.12838089145183,245.8503827872793,249.03280639648438,24030400
2021-04-22,248.6792536850278,250.1796889584141,244.31177259860783,245.77398681640625,25606200
2021-04-23,246.45249067643994,249.92163806126072,245.86950662395327,249.57757568359375,21462600
2021-04-26,250.06496430244533,250.8103986988795,248.64100057258497,249.95982360839844,19763300
2021-04-27,249.98848953786117,251.52716013928068,248.59319525951878,250.36122131347656,31014200
2021-04-28,244.73223532354257,245.1718722009615,241.74094589292326,243.27960205078125,46903100
2021-04-29,244.13972189863736,244.7513607810362,237.96597962533752,241.3204345703125,40589000
2021-04-30,238.67321772170197,241.8652080140417,238.5394221580297,241.0050811767578,30945100
2021-05-03,242.1710003473486,243.0789143649509,239.99203587034623,240.69924926757812,19626600
2021-05-04,239.84870757177288,240.07807764415418,234.8695731306713,236.8096160888672,32756100
2021-05-05,238.02333610804502,238.4438406050571,234.92692041663318,235.54811096191406,21901300
2021-05-06,235.52898404785154,238.787879191213,233.84698070738517,238.66363525390625,26491100
2021-05-07,240.97639942940194,243.03113461686635,240.03983053154383,241.27267456054688,27032900
2021-05-10,239.75310967237866,240.5750007899498,236.16928466831055,236.22662353515625,29299900
2021-05-11,233.71316381907252,235.67232428967642,231.82090841094862,235.31871032714844,33641600
2021-05-12,231.43862824513633,233.55070210291098,227.52032183189039,228.4091033935547,36684400
2021-05-13,231.08502287042182,234.7166348681072,230.7218572958672,232.26051330566406,29624300
2021-05-14,234.69753359414418,238.13799684815163,234.61152529388377,237.1536407470703,23901100
2021-05-17,235.62453186876706,235.6627529160447,232.7288026653694,234.3152313232422,24970200
2021-05-18,235.35696192329095,235.4907574747066,232.13628790705022,232.30831909179688,20168000
2021-05-19,229.23351488389122,232.98845603876603,228.55341861359128,232.88308715820312,25739800
2021-05-20,233.68769674460555,237.50968232520998,233.5919015513451,236.10157775878906,21800700
2021-05-21,237.14570923286777,237.87370305685576,234.434868777639,234.8467559814453,21863100
2021-05-24,237.35639824386888,240.58450892855902,237.08818926220172,240.2205047607422,21411500
2021-05-25,241.1688845434794,242.10761621308768,240.2588885136134,241.12098693847656,17704300
2021-05-26,240.84314887956268,242.28957737809495,240.19178833380082,240.900634765625,17771600
2021-05-27,240.5941215551288,240.89106621746035,238.7549676903661,238.81243896484375,24426200
2021-05-28,240.4312813618604,241.46580815115777,239.05191230946394,239.16685485839844,18270200
2021-06-01,240.6515985225494,240.7090697983866,236.561403484978,236.9828643798828,23213300
2021-06-02,237.6821077652956,238.77410571979837,235.48852356730782,236.88705444335938,19406700
2021-06-03,234.89467106098934,235.96750722171058,232.76814608791946,235.36404418945312,25307700
2021-06-04,237.3276864262583,241.05389152721682,237.08821305314711,240.2301025390625,25281100
2021-06-07,239.45420630763013,243.39114906663502,239.2913661711621,243.12294006347656,23079200
2021-06-08,244.41610603256754,245.23032134430707,241.87767951827612,241.93516540527344,22455000
2021-06-09,243.1229386598986,244.7705165933857,242.54821134914607,242.91220092773438,17937600
2021-06-10,243.58274055491657,246.6192613065488,242.98885124050196,246.4085235595703,24563600
2021-06-11,247.1269244072011,247.60587113723255,245.80502675510013,247.03115844726562,18999700
2021-06-14,247.04074761199934,249.00444698400887,245.98705883099325,248.9469757080078,19150500
2021-06-15,248.8319871197661,249.0427248617362,246.82999318734542,247.48135375976562,18038900
2021-06-16,248.4775058836255,249.60781291499757,243.70720153973326,246.54257202148438,27220000
2021-06-17,245.2877706615591,250.72859817343692,245.23029939600022,249.9143829345703,27565500
2021-06-18,248.69792281262997,251.25548238283758,247.8549717580351,248.50633239746094,37202200
2021-06-21,248.87991563157925,252.42410431894385,247.0599236858956,251.57159423828125,26696100
2021-06-22,251.65774581795188,254.5984854619368,251.35121292558,254.3302764892578,24694100
2021-06-23,254.79008733384944,255.594714380539,253.2957757853417,254.10040283203125,19518700
2021-06-24,254.9529346852743,256.57177702121294,254.29198583888092,255.4606170654297,21446900
2021-06-25,255.0199882803985,255.9970290931493,253.61188371439926,253.8609161376953,25611100
2021-06-28,254.98168189790582,257.57756518731253,254.7134728779589,257.4051513671875,19590000
2021-06-29,257.5488206535005,260.2117634140492,256.6963106394944,259.9722900390625,19937800
2021-06-30,259.2922282090203,259.9340005688029,258.248127663591,259.4933776855469,21656500
2021-07-01,258.25768175305313,260.39379502371696,258.24812269513154,260.1639099121094,16725300
2021-07-02,261.33255398887786,266.2944361062581,261.0260210034365,265.95916748046875,26458000
2021-07-06,266.3231048509773,267.60667851843345,262.75015189133745,265.96868896484375,31565600
2021-07-07,267.63541458265394,268.8711052744127,265.48015439666386,268.1430969238281,23260000
2021-07-08,265.240707232049,266.99366872665394,263.2961845748827,265.73883056640625,24618600
2021-07-09,264.1103530558396,266.34223167723803,263.7272015660929,266.23687744140625,23916700
2021-07-12,267.4055564436705,267.9898574546222,264.93417481129705,265.6430358886719,18931700
2021-07-13,265.83456308659123,270.94015122587615,265.7100615012556,269.1488952636719,26120100
2021-07-14,270.4612354852631,271.71607363125577,268.7370096462592,270.614501953125,23113700
2021-07-15,270.1259963441455,270.6145314366444,268.0473543610004,269.19683837890625,22604200
2021-07-16,270.1931072332675,272.1376304495466,267.69298925085235,268.9286804199219,26186800
2021-07-19,267.18523908688275,268.5646081282036,262.89389472063215,265.3460998535156,32935600
2021-07-20,266.32311662863236,269.13932573027193,264.62765573380375,267.5588073730469,26259700
2021-07-21,267.1565353861028,269.66621209300195,265.6143406282734,269.55126953125,24364300
2021-07-22,271.8884415525597,274.35982273487036,271.4861427208434,274.09161376953125,23384100
2021-07-23,275.26981960045765,277.7794956122771,274.4364570259696,277.4729919433594,22768100
2021-07-26,276.83129791302196,277.4922469490692,274.5706826606733,276.8791809082031,23176100
2021-07-27,277.2431201263009,277.3867983107101,271.03598869909524,274.4748229980469,33604100
2021-07-28,276.8215975375424,277.9327573622619,271.87886420658435,274.1682434082031,33566900
2021-07-29,274.18737027103674,276.467161014169,274.03410383432544,274.4364318847656,18168300
2021-07-30,273.16248327798326,274.58973513938895,271.9555281974139,272.9134216308594,20944800
2021-08-02,274.3023442842748,274.69508409233026,271.7926682142206,272.82720947265625,16267400
2021-08-03,273.4019939880385,275.1357790008344,272.0417722643763,275.0303955078125,17879000
2021-08-04,274.16830862662323,275.4806181874648,272.66440865186024,274.44610595703125,16191300
2021-08-05,274.8005217895427,277.4347292005121,274.0533659477351,277.329345703125,13900200
2021-08-06,276.3618692799431,277.31017451192804,275.5093300140489,277.2718505859375,16589300
2021-08-09,277.54958291688706,279.27377915914406,275.69126758135627,276.1893615722656,16117600
2021-08-10,276.6396738152466,277.07073764983113,273.19128006894726,274.3790588378906,18616600
2021-08-11,275.11655559953596,276.5055127244419,273.8233936612764,274.8675231933594,13955900
2021-08-12,274.56096197787616,277.7603221003754,274.2831647350226,277.6070556640625,14561300
2021-08-13,277.2910077393741,280.56698698359713,277.1185647007926,280.51910400390625,18249000
2021-08-16,280.84477083854165,282.40614177195425,277.80823587058995,282.1954040527344,22507600
2021-08-17,280.0784907881244,281.07467896746925,278.82362342575755,280.7394104003906,20075300
2021-08-18,280.2787552513025,282.9467958439038,278.58001926830815,279.0215148925781,21813000
2021-08-19,277.0636839198015,285.490088665484,277.01570926895175,284.8182678222656,29850500
2021-08-20,287.64948045556423,293.52300710937357,286.0563295513358,292.10260009765625,40817600
2021-08-23,291.03727765066435,293.1006853030909,289.6936654087505,292.3808898925781,22830200
2021-08-24,292.7360179434968,293.34065084403505,289.83765196769906,290.43267822265625,18175800
2021-08-25,292.0450447624562,292.32337391750315,288.321326942451,289.8472900390625,20006100
2021-08-26,288.86833701855477,290.25034679976966,286.91051423562993,287.04486083984375,17666100
2021-08-27,286.9488636063391,288.7531556639914,284.8758490691569,287.64947509765625,22605700
2021-08-30,288.9931195332121,291.96828042904804,288.93553823039747,291.3636474609375,16348100
2021-08-31,292.16015783837884,292.23692312498054,289.35774161636004,289.7224426269531,26285300
2021-09-01,290.6725935556559,292.8991678511316,289.34816523699277,289.6744689941406,18983800
2021-09-02,290.02958175450493,291.14283957172955,288.0909139976585,289.0218505859375,16285600
2021-09-03,288.8682855530755,290.41346160185293,288.16770342962735,289.01226806640625,14747900
2021-09-07,288.8874712629774,288.964236546015,286.19064038486357,288.09088134765625,17180400
2021-09-08,287.70704475507114,288.50360551584674,285.49007706649724,288.1197204589844,15046800
2021-09-09,288.705194927188,289.97204208683576,285.0390293387629,285.2789611816406,19927000
2021-09-10,286.40178494786,287.84137565254247,283.48420625224344,283.8009033203125,19633400
2021-09-13,285.56686392320825,286.51701392472955,282.2366088163071,285.0294189453125,23652900
2021-09-14,287.49592696697243,289.2522444456008,286.0947332155957,287.7166748046875,21853400
2021-09-15,291.0469255772491,293.02396157546303,289.66491584995623,292.5440979003906,28356300
2021-09-16,291.52675443497674,293.0143199346179,288.647572728406,292.9279479980469,19550800
2021-09-17,291.92030251442793,292.23699967637344,287.467153222757,287.79345703125,41372500
2021-09-20,284.39606075631764,286.68982372991314,277.86031828277663,282.44781494140625,38278700
2021-09-21,283.78169187930126,285.5571927677587,282.22693875475903,282.9275207519531,22364100
2021-09-22,284.77979586091107,288.12923363162474,282.64920080468016,286.5552673339844,26626300
2021-09-23,286.81448200996863,288.781911071233,285.5476350659735,287.4958801269531,18604600
2021-09-24,286.2194826708354,287.72623226962907,284.9718196101101,287.29437255859375,14999000
2021-09-27,284.21366203503686,284.53035916304015,281.142522901756,282.322998046875,23571700
2021-09-28,278.12895381807755,279.0694970956445,271.3628882146194,272.10186767578125,43186200
2021-09-29,273.61826695321446,275.2209951886973,271.6124403531808,272.56256103515625,26353700
2021-09-30,274.20369075422246,276.23830803362955,270.27840943903544,270.56634521484375,32343600
2021-10-01,270.7582465838053,278.301717984921,269.96168585473896,277.4571533203125,30086300
2021-10-04,275.82558124270304,276.1614916080159,268.96353787366274,271.7083435058594,31350700
2021-10-05,272.61052278816857,278.7047968877301,272.61052278816857,277.130859375,24993000
2021-10-06,274.270845855537,281.80471044780717,274.0117300480355,281.3056335449219,28002600
2021-10-07,283.29234414696924,284.69356732402304,282.0831074655801,282.97564697265625,20430500
2021-10-08,284.2904689045215,284.69356732402304,281.9295475576061,282.97564697265625,17685700
2021-10-11,281.12334424926865,285.96995558239155,280.96017771512624,282.3805847167969,19298600
2021-10-12,283.4458821015579,283.5418606976777,280.57630659547624,281.0849609375,17974100
2021-10-13,283.0331577701654,285.307706593833,281.67033223174053,284.37677001953125,23416300
2021-10-14,287.15996114857046,291.05645115386534,285.83553295482557,290.5574035644531,27262900
2021-10-15,290.1638722349593,292.18891153668244,288.4171619780037,291.95855712890625,25384800
2021-10-18,291.34433462509924,295.7974527087723,290.49977017253786,294.9145202636719,22729300
2021-10-19,295.93190452763184,296.8436278454899,294.8474080448137,295.8167419433594,17682100
2021-10-20,296.7572212605968,297.22750747620495,293.7820612638545,295.02972412109375,16537100
2021-10-21,294.7993649678428,298.49429060596367,294.0219591273545,298.2447814941406,16918100
2021-10-22,297.89937264623074,298.5615868809637,295.40407560259746,296.7093200683594,17449300
2021-10-25,296.90124058009036,296.939637875098,294.11803710740327,295.7207946777344,17554500
2021-10-26,298.475142899543,299.81875504845516,296.171803603044,297.6209716796875,28107300
2021-10-27,303.27386241357704,312.96711513957035,303.27386241357704,310.1551208496094,52588700
2021-10-28,311.2683233315921,311.7865842427679,308.417932252952,311.28753662109375,26297900
2021-10-29,311.07633273826553,318.62937991946643,310.85558497336075,318.2646789550781,34766000
2021-11-01,318.01525586042806,318.14002510806927,313.2262255270214,316.10540771484375,27073200
2021-11-02,317.0074904775489,320.02104795725353,316.7099773873297,319.71392822265625,26487100
2021-11-03,320.45291058114077,321.4126377941951,317.3337971387141,320.54888916015625,21500100
2021-11-04,319.4836051186062,322.98660357874707,316.23972246138726,322.890625,23992200
2021-11-05,324.8772526985791,325.1459751338179,320.951972099872,322.5259094238281,22570100
2021-11-08,323.71593957200855,324.0518499151926,320.9711341206324,323.4184265136719,20897000
2021-11-09,323.53372933767673,325.0789058707678,321.057645229709,322.42047119140625,21307400
2021-11-10,321.09585045377264,321.15343172728814,316.63312602507153,317.4776611328125,25500900
2021-11-11,317.90958234348346,320.3280839430203,317.1993937054505,319.04205322265625,16849800
2021-11-12,320.47216845555636,323.6488636296379,320.34739921433277,323.1593933105469,23831000
2021-11-15,323.9463532471072,324.27265700662844,320.57770113283607,322.5355529785156,16723000
2021-11-16,322.161233873272,326.95029273164477,321.9980966435647,325.8370056152344,20886800
2021-11-17,325.8851065761686,329.0099268651389,324.9813100529108,326.05816650390625,19053400
2021-11-18,325.15429587394624,329.2598468353323,324.1351262978114,328.1252746582031,22463500
2021-11-19,329.44260130183307,331.8078416400719,329.01954636756113,329.89447021484375,21963400
2021-11-22,331.3462958819071,336.2018030638584,326.4715696014347,326.74078369140625,31031100
2021-11-23,324.06784497801704,326.3754277340728,320.7122785777508,324.673583984375,30427600
2021-11-24,323.3275227878649,325.13511563845185,321.04881262656716,324.8947448730469,21661300
2021-11-26,321.4718896050423,324.9139862915625,315.4818391564863,316.98175048828125,24217200
2021-11-29,322.03915370433015,325.9716160847785,321.84684534637535,323.6640625,28563500
2021-11-30,322.4045459611877,324.7697863608636,316.3183410190401,317.8567199707031,42885600
2021-12-01,322.22190230238374,326.21205212002263,316.70299756222425,317.36639404296875,33337600
2021-12-02,317.5779018588186,320.6450357362237,315.17419376318077,316.7991027832031,30766000
2021-12-03,319.2027326168605,319.8854066749846,305.78043811748984,310.5686340332031,41779300
2021-12-06,311.4724773249387,314.8376683407075,306.93427569570224,313.6261901855469,30032600
2021-12-07,318.8662344123449,322.8659778487916,317.3855423848686,322.0198974609375,31021900
2021-12-08,322.39489389495935,322.5775780301863,318.0585957516276,322.0679931640625,24761000
2021-12-09,321.5295600175577,323.5294319116375,319.3277555505204,320.27001953125,22214200
2021-12-10,322.0776553641923,329.78874012403924,321.89497120742305,329.3464660644531,38095700
2021-12-13,327.5580286364802,330.5482560904691,326.01964993405755,326.32733154296875,28899400
2021-12-14,320.3854016251195,321.75072054562577,311.6262752750999,315.693359375,44438700
2021-12-15,315.9529787432078,322.2795546002779,312.0012968945024,321.7603454589844,35381100
2021-12-16,322.77952611826163,323.7891011125143,310.5783016127801,312.3858947753906,35034800
2021-12-17,308.5207023277349,312.405102273891,305.03051397428044,311.3282165527344,47750300
2021-12-20,307.72269664260455,310.3667755304143,305.3382370063855,307.5881042480469,28326500
2021-12-21,310.8378750297764,315.10686227817746,307.48227910762097,314.6838073730469,24740600
2021-12-22,315.6549198284857,320.7603932246783,313.2031494286014,320.3662109375,24831500
2021-12-23,319.9334876096026,323.4333000256045,319.91426851160736,321.79876708984375,19617800
2021-12-27,322.53907121652355,329.2887004933562,322.5102279009017,329.2598571777344,19947000
2021-12-28,329.93289096293216,330.5674732743384,327.21190693909,328.1060791015625,15661500
2021-12-29,328.1541872836197,331.0386367329647,326.5965892757154,328.7791748046875,15042000
2021-12-30,328.7406647610165,329.91367522578065,325.76968573335654,326.25042724609375,15994500
2021-12-31,325.47161689597885,326.28885396518314,322.91406861710993,323.365966796875,18000800
2022-01-03,322.4334327175885,324.98135761149877,317.0779636580305,321.8565368652344,28865100
2022-01-04,321.93336411107276,322.28913749513237,313.55885476913005,316.3375549316406,32674300
2022-01-05,313.3089661533288,313.51089879335956,303.80953482347917,304.1941223144531,40054300
2022-01-06,301.08842050942394,306.42466920650463,299.49235507622586,301.7903137207031,39646100
2022-01-07,302.0499324142328,304.3094237353557,298.14631308588326,301.9441833496094,32720000
2022-01-10,297.56942521329626,302.5979928961551,292.9543176051216,302.1653137207031,44289500
2022-01-11,301.30958257691026,304.4151542522141,297.95401590280085,302.84796142578125,29386800
2022-01-12,307.3572996957186,310.95323691547827,304.8670327735876,306.0111999511719,34372200
2022-01-13,308.1264486110597,308.52066014986855,292.2908229193429,293.05999755859375,45366000
2022-01-14,292.53126883368355,298.8482206128136,292.0505272250826,298.2521057128906,39846400
2022-01-18,292.3581778205605,297.8674572905509,290.1179057310112,290.99285888671875,42333200
2022-01-19,294.49261706590465,301.81911235300396,291.04089684223516,291.6466064453125,45933900
2022-01-20,297.1655554938759,299.64616870365205,289.5410024064944,289.9832763671875,35380700
2022-01-21,291.0313502433303,292.39663994676283,284.22403280045586,284.62786865234375,57984400
2022-01-24,280.94543450165037,285.66629172565484,265.4174555944959,284.9548034667969,85731500
2022-01-25,280.2915889984612,283.6279370796621,274.1861937797464,277.3782958984375,72848600
2022-01-26,296.12723844347425,296.6176043263356,281.7434561869176,285.2817077636719,90428900
2022-01-27,291.0024967310887,295.4637633356451,286.45467082104994,288.2911071777344,53481300
2022-01-28,288.66613137183003,296.5983683124137,283.10875927077944,296.3868408203125,49743700
2022-01-31,297.05023502997614,300.34811523788875,294.5695920371354,299.0020446777344,46444500
2022-02-01,298.45396439636784,298.6654918462446,293.37733494145994,296.8675231933594,40950400
2022-02-02,297.70403751014493,302.98257070424955,296.9829251353378,301.3865051269531,36636000
2022-02-03,297.5694010605456,299.24240163998115,288.4064681116785,289.64678955078125,43730000
2022-02-04,288.64681946632084,296.9059553802916,288.4160729228112,294.1561279296875,35096500
2022-02-07,294.37728012769503,295.9829403994106,288.3487625883948,289.35833740234375,28533300
2022-02-08,289.64680820459523,293.79079836630905,288.3968918064597,292.8293151855469,32421200
2022-02-09,297.9348214827328,299.91547470681274,295.55036170966486,299.22320556640625,31284700
2022-02-10,292.3293112144285,297.21363213902004,289.1179613871902,290.7332458496094,45386200
2022-02-11,291.51204526354115,292.5696824760353,282.8875412205064,283.67596435546875,39175600
2022-02-14,282.4549382210914,285.3297932381347,280.12816506880574,283.6375732421875,36359500
2022-02-15,288.4545460706531,289.2140965718555,285.57969173022536,288.8968200683594,27058300
2022-02-16,287.4709041609937,289.8795822189875,282.9522217719727,288.55963134765625,29982100
2022-02-17,285.5342722610437,285.9582018841707,279.4066103677046,280.1099548339844,32461600
2022-02-18,282.34522991631013,283.12563925409984,275.85144328731116,277.4122619628906,34264000
2022-02-22,274.5892573925205,280.89036647915503,274.10752185323537,277.20989990234375,41736100
2022-02-23,279.5801722856869,281.0446678854897,269.86839182651454,270.03216552734375,37811200
2022-02-24,262.55554816759064,284.3781651371424,261.6016916782459,283.8289794921875,56989700
2022-02-25,284.35883888428555,286.7578722133429,280.9963051733294,286.4495544433594,32546700
2022-02-28,283.5591880367457,288.212770094987,282.29704319923974,287.87554931640625,34627500
2022-03-01,285.57288855148806,289.0124881625568,281.4781355105427,284.1758728027344,31217800
2022-03-02,284.57087386389,290.4576988958387,282.97153735333467,289.2244567871094,31873000
2022-03-03,291.8257768521812,292.05700050828193,283.3086664169441,285.1103820800781,27314500
2022-03-04,283.5399899491922,284.8599409855132,276.68007868700784,279.27178955078125,32356500
2022-03-07,277.99032843801785,279.10795849514665,268.3556169829133,268.72174072265625,43157200
2022-03-08,267.6522494658014,273.5872347405663,260.13718693761393,265.77349853515625,48159500
2022-03-09,273.0862641319039,279.0212499230222,270.52342735372963,277.96142578125,35204500
2022-03-10,272.6816172407287,276.1308607136372,270.33074508462164,275.1577453613281,30628000
2022-03-11,277.44115846333716,278.93455646472097,269.2227503051047,269.8393859863281,27209300
2022-03-14,270.0994808190958,274.97464216380376,265.7446020938021,266.3419494628906,30660700
2022-03-15,270.1091142008014,277.3062441058317,268.5482958074122,276.66070556640625,34245100
2022-03-16,278.54913550581284,283.80970925762125,272.8550467725236,283.63629150390625,37826300
2022-03-17,282.5765423633839,284.81177372239335,278.7997214415844,284.43603515625,30816600
2022-03-18,284.58046582678224,290.00481304770483,282.0369173074508,289.45562744140625,43390600
2022-03-21,287.9719290179041,289.17626805109586,284.1276588300462,288.2320556640625,28351200
2022-03-22,288.8485767883346,293.85863745024557,287.856202893713,292.9529724121094,27599700
2022-03-23,289.5327166388402,292.15335927003025,286.84462397235353,288.5499572753906,25715400
2022-03-24,288.212858625541,293.0880217250497,287.42280499368326,292.9916687011719,24484500
2022-03-25,294.08028132501425,294.3404079254056,288.3572608939785,292.5868835449219,22566500
2022-03-28,293.21315853638436,299.4468179763362,293.21315853638436,299.3504943847656,29578200
2022-03-29,302.4432514351578,304.2834849768808,297.7607660592807,303.8884582519531,30393400
2022-03-30,302.29866543748443,304.40866924528797,300.198276345619,302.3949890136719,28163600
2022-03-31,302.43355970417105,303.6282838118876,296.6431186303352,297.0477600097656,33422100
2022-04-01,298.0690573372068,298.8013048013512,294.37897586444814,298.11724853515625,27110500
2022-04-04,298.7627341145734,303.59934819649135,298.39661041143324,303.4644775390625,24289600
2022-04-05,301.826575864707,303.36813547948924,298.5507800600473,299.5238952636719,23156700
2022-04-06,294.04178495987475,295.7856655216376,285.8715384021488,288.55963134765625,40110400
2022-04-07,285.82338673563873,292.55804141565983,285.52471299808303,290.361328125,31411200
2022-04-08,289.4653477407742,290.1205012315101,285.45730321650933,286.1221008300781,24361900
2022-04-11,281.13131042163127,281.9213345739858,274.589331792798,274.83984375,34569300
2022-04-12,278.6743994842394,280.1196062790801,270.2440265143357,271.7566833496094,30966700
2022-04-13,272.4022274692682,278.0385105603026,271.02444128433206,277.11358642578125,21907200
2022-04-14,277.56643644763085,277.7784013045191,269.1168039398963,269.608154296875,28221600
2022-04-18,268.7217442498862,272.14205510022083,268.17255863306326,270.2729187011719,20778000
2022-04-19,269.17453350895715,275.7165098517803,268.2399654599824,274.8782653808594,22297700
2022-04-20,278.8285578322928,279.1176168323527,274.9457700942281,275.89959716796875,22906700
2022-04-21,278.03846671115735,282.5860513093376,269.82970383090816,270.55230712890625,29454600
2022-04-22,271.39059991716476,272.8550951713469,263.393799558569,264.0200500488281,29405800
2022-04-25,263.307112647107,270.84143680658474,260.87914585051374,270.4656982421875,35678900
2022-04-26,267.3631884284825,268.1917593315295,260.1371563087938,260.34912109375,46518400
2022-04-27,271.795154326994,280.3411367431412,268.9625474500182,272.8742370605469,63477700
2022-04-28,274.7723864290521,280.3508935706538,271.178627842334,279.0502014160156,33646600
2022-04-29,278.0673990236614,279.2910262219157,266.3997773201998,267.38250732421875,37073900
2022-05-02,267.56565868415936,274.5315681270089,266.1300955760239,274.0787353515625,35151100
2022-05-03,273.5872988286567,273.7511018849256,269.9164755719785,271.4869384765625,25978600
2022-05-04,272.2673535703565,280.2545389514792,266.6214258152803,279.3874206542969,33599300
2022-05-05,275.10958168100854,275.88999102064156,264.318692205309,267.21875,43260400
2022-05-06,264.77149224146683,269.0493063035853,261.3607962940362,264.6944274902344,37780300
2022-05-09,260.1950242973113,262.41099624830406,253.70123795853172,254.91519165039062,47726000
2022-05-10,261.7654605643178,263.75020864058513,255.38728670730274,259.65545654296875,39336400
2022-05-11,255.97503719293763,261.4475468907718,249.82808585226212,251.0324249267578,48975900
2022-05-12,248.27688839647124,250.3868926130945,240.88706627938942,246.02236938476562,51033800
2022-05-13,247.94932803549173,253.43148171105642,246.0223855668309,251.58160400390625,34925100
2022-05-16,250.46393914300643,256.10989508341936,246.43663699814542,251.94769287109375,32550900
2022-05-17,256.3892786113193,258.52818561527994,252.87261500014733,257.0733642578125,28828800
2022-05-18,253.98310507106706,254.56254010236933,244.10384241044304,245.36892700195312,31356000
2022-05-19,245.19508938818183,248.83585464293373,243.24435524609143,244.46115112304688,32692300
2022-05-20,248.42057161150723,249.6760190694131,237.99085911430905,243.90103149414062,39199300
2022-05-23,246.73055952174275,252.53450204595984,244.74117401105033,251.71363830566406,33175400
2022-05-24,249.0483255820953,252.37035900338427,244.80882139282033,250.718994140625,29043900
2022-05-25,249.28973864171456,255.508917485171,248.31435684807386,253.51954650878906,28547900
2022-05-26,253.2781100641193,257.9521680064266,252.46691284814418,256.7836608886719,25002100
2022-05-27,259.27522501006564,263.96858669067194,258.38675406725025,263.87200927734375,26910800
2022-05-31,263.1864174502178,265.34961052088613,259.70983610714705,262.5490417480469,37827700
2022-06-01,265.7648261496329,268.16944748829445,260.78173234380733,263.08013916015625,25292200
2022-06-02,255.38343546239255,265.2337143251771,252.63114082746247,265.1661071777344,44008200
2022-06-03,261.0424863281772,264.074846353105,259.20763325124227,260.7624206542969,28059000
2022-06-06,262.732495427998,264.77980709613064,258.0584370323219,259.5359802246094,22400300
2022-06-07,257.49836222355793,263.76584558835543,256.8223496712607,263.1574401855469,22860700
2022-06-08,262.39448666074105,263.6402676057848,260.3664787079768,261.1390686035156,17372300
2022-06-09,258.5991327611456,263.3601001085485,255.55713674371663,255.71165466308594,26439700
2022-06-10,251.64605970485297,251.64605970485297,243.87206395245485,244.31629943847656,31422800
2022-06-13,236.70647229198008,240.48242256411086,233.24920982974828,233.9541778564453,46135800
2022-06-14,235.49932172717016,237.31487111467933,233.22988499278367,236.10772705078125,28651500
2022-06-15,239.79674911112798,246.54710394987805,237.97154789524555,243.1284637451172,33111700
2022-06-16,237.5465949685709,238.93722706322862,234.68808653901266,236.57122802734375,33169200
2022-06-17,236.3104757531048,241.91162613162422,235.66344842154882,239.15933227539062,43084800
2022-06-21,241.67985866138912,246.0159248197663,240.95557232727793,245.04055786132812,29928300
2022-06-22,243.25401534558895,248.3530054561835,241.78612402987773,244.45150756835938,25939900
2022-06-23,246.8078492299289,250.47755532769025,244.93435931975776,249.9850311279297,25861400
2022-06-24,252.83383624957415,258.79231063631465,252.7469254380334,258.52191162109375,33923200
2022-06-27,259.0144557779908,259.1013666061605,254.2534870945373,255.8083038330078,24615100
2022-06-28,254.92947810959762,257.7590162284537,247.53209704046702,247.68661499023438,27295500
2022-06-29,248.75856369685934,252.9884007989355,246.99130319168566,251.3370361328125,20069800
2022-06-30,248.23707094153858,250.6320551562228,244.22935890804,248.0246124267578,31730900
2022-07-01,247.599724121051,250.86381660731956,245.88073757874744,250.68032836914062,22837700
2022-07-05,247.37760464946805,253.9637892662612,246.00629085879652,253.83824157714844,22941000
2022-07-06,254.70741739613206,258.8020409501888,253.40369581093594,257.08306884765625,23824400
2022-07-07,256.0304226841945,259.8353431316474,255.9338452648158,259.1979675292969,20859900
2022-07-08,255.71167907622672,258.9081933182006,254.26310659903194,258.4832763671875,19658800
2022-07-11,256.5422452532518,257.3920793720454,253.1912122224075,255.44134521484375,19455200
2022-07-12,256.7643979233419,256.8223384857245,243.3988864910708,244.97300720214844,35868500
2022-07-13,241.6122686543637,244.8570720526818,239.60357943296265,244.05552673339844,29497400
2022-07-14,241.9792718550764,246.39258278636146,237.50800563214514,245.36892700195312,25102800
2022-07-15,246.9526808402148,251.44325042079436,246.03525438925857,247.91839599609375,29774100
2022-07-18,250.84451446983314,251.89714046464383,244.6156545937457,245.5330810546875,20975000
2022-07-19,248.7488781014716,250.81552252522303,244.9825951721847,250.6320343017578,25012600
2022-07-20,250.98933621319566,255.7889412022588,250.03328774217377,253.278076171875,22788300
2022-07-21,250.88311489570913,255.8082674233356,248.21773199272175,255.7599639892578,22404700
2022-07-22,256.14627306708184,256.23318389270804,250.18782718594753,251.43357849121094,21881300
2022-07-25,252.05165427259675,252.5345118478316,248.00530543442562,249.95603942871094,21056000
2022-07-26,250.95075721193598,250.97009037906219,241.01356825164817,243.263671875,39348000
2022-07-27,252.2062272013175,260.79142143505817,249.97542707523482,259.5263366699219,45994000
2022-07-28,260.5017422212526,268.3143766627134,258.68619246274613,266.93341064453125,33459300
2022-07-29,268.1791152582621,272.33167871252647,267.1457929503217,271.1148681640625,32152800
2022-08-01,268.29496636983305,271.6363322420064,266.38283993190936,268.47845458984375,21539600
2022-08-02,266.5373945260248,268.3626103956282,263.0415102262708,265.3978576660156,22754200
2022-08-03,267.2713577584934,273.7802690088794,267.12647689627147,272.78558349609375,23518900
2022-08-04,272.13853085373546,274.0699612486414,270.56443983776984,273.92510986328125,18098700
2022-08-05,269.5794415241089,273.9251607194615,269.125554118187,273.2105407714844,16774600
2022-08-08,274.3113574297538,276.11726939013334,269.74354395058293,270.7092590332031,18739200
2022-08-09,270.05262233660574,273.3746556298809,268.09219211802474,272.62139892578125,23405200
2022-08-10,278.29016718582943,279.8739248174104,277.1023268586765,279.2462158203125,24687800
2022-08-11,280.87827114074025,281.2259144656879,276.687070719345,277.1795654296875,20065900
2022-08-12,278.5895808890098,281.9019775390625,277.1023709654231,281.9019775390625,22619700
2022-08-15,281.02312948938925,284.09409682100915,280.1636287959346,283.408447265625,18085700
2022-08-16,281.9792138029151,283.95894794046416,280.46306311134526,282.6745300292969,18102900
2022-08-17,280.4002056199427,283.8938524278254,280.1389197170631,281.9292907714844,18253400
2022-08-18,280.8357203997343,282.50027733774294,279.76148592010856,280.8163757324219,17186200
2022-08-19,279.58728744368415,279.9260110820991,276.35495606289055,276.9259338378906,20570000
2022-08-22,272.9871317684134,273.3548871851572,268.28380815555704,268.7967224121094,25061100
2022-08-23,267.5289611816406,269.87093596211275,266.52247730381634,267.5289611816406,17527400
2022-08-24,266.5321774149117,268.29351690361904,266.24183017802443,266.8999328613281,18137000
2022-08-25,268.3903061400595,270.02583166772644,265.6708883290783,269.861328125,16583400
2022-08-26,270.08381644498274,271.3032096749944,259.34164963640063,259.4480895996094,27549300
2022-08-29,257.2803991374211,258.78042347023177,255.34486862600002,256.6803894042969,20338500
2022-08-30,258.0739373346952,258.4416632715631,252.25765951741022,254.49319458007812,22767100
2022-08-31,256.835171011409,258.4996984815058,252.90601788695525,253.04151916503906,24791800
2022-09-01,250.5253477936383,252.4802522057439,247.17688880265302,252.0060272216797,23263400
2022-09-02,253.2641326770218,256.20611724920184,246.26718053225406,247.80592346191406,22855400
2022-09-06,247.9414053865417,249.51883753175827,243.8187170261839,245.08648681640625,21328200
2022-09-07,246.48976943648967,250.4866292810051,245.05748121497774,249.77049255371094,24126700
2022-09-08,249.20922275197296,252.0350805590205,246.57688549508825,250.1866455078125,20319900
2022-09-09,252.1027785583023,256.68031756891503,251.89955618095607,255.93511962890625,22084700
2022-09-12,257.21261449388913,258.828795252262,256.61260484004885,258.0545654296875,18747700
2022-09-13,250.49629269213037,252.00600375133774,243.47999634028216,243.8671112060547,33353300
2022-09-14,245.35746095813147,246.03489350941175,241.8057651557058,244.08969116210938,23913000
2022-09-15,241.71867215528192,243.29611908968658,236.15402331387534,237.47018432617188,31530900
2022-09-16,236.38629220933913,237.3927761581187,234.2572119949683,236.850830078125,39791800
2022-09-19,234.65400280433187,237.23793382536144,233.0862280822725,236.63792419433594,26826900
2022-09-20,234.26688762643548,235.66045686379198,231.91521092748422,234.63462829589844,26660300
2022-09-21,236.39595324962926,239.67667590576733,231.19904532157508,231.2474365234375,28625600
2022-09-22,230.2022859976419,235.99920442354707,229.91196827312697,233.2120361328125,31061200
2022-09-23,231.81844612716222,233.35720386281167,227.61834912688556,230.25067138671875,34176000
2022-09-26,229.40867630752822,233.6668360314633,229.26350270996545,229.7957763671875,27694200
2022-09-27,232.2442506798707,234.0055901447024,226.94090238363955,228.78933715820312,27018700
2022-09-28,229.17642964868273,234.5184966384645,227.16347665591098,233.2991180419922,29029700
2022-09-29,231.18938529349765,232.21521385312766,226.853802133828,229.8441925048828,27484200
2022-09-30,230.60872427461211,232.78619560885667,225.22795302914213,225.39247131347656,35694800
2022-10-03,227.82157728205974,233.82171772604818,227.09575348399042,232.97976684570312,28880400
2022-10-04,237.18950814956145,242.28963357290925,237.08305341434055,240.8573455810547,34888400
2022-10-05,238.06052054576585,242.5025584054372,236.23144526431753,241.1670379638672,20347100
2022-10-06,239.9379683013216,242.27028548507374,238.1476119193884,238.834716796875,20239900
2022-10-07,233.13457344372063,233.54104772265964,225.65375442204814,226.68927001953125,37769600
2022-10-10,225.53766359831536,226.99898360972267,219.4213809672786,221.8601531982422,29743600
2022-10-11,220.28265795591057,221.67624187674608,216.8858082240652,218.14390563964844,30474000
2022-10-12,218.13423774935973,220.5149462849339,216.74066847271945,218.47296142578125,21903900
2022-10-13,212.76313280674802,228.4893134395643,212.06634085274027,226.68927001953125,42551800
2022-10-14,227.94737889006004,229.5925913283704,220.9794733149992,221.1923828125,30198600
2022-10-17,228.21836002283007,231.25714167375685,227.5602721133645,229.87322998046875,28142300
2022-10-18,235.39917762563184,236.06692311030656,227.78285659055385,230.8119659423828,26329600
2022-10-19,229.39900168382854,231.88616474151667,226.73764801989628,228.8570556640625,19985700
2022-10-20,228.16994856599382,233.5313599425322,227.29895124255845,228.53768920898438,21811000
2022-10-21,227.17316603704901,235.16689978355862,226.9408971162325,234.3152618408203,26299700
2022-10-24,235.90241694894004,239.850900353894,233.52172305739012,239.27992248535156,24911200
2022-10-25,239.28956155004425,242.94771196115997,237.90566472884615,242.57997131347656,34775500
2022-10-26,223.71819921468528,230.61836733948223,222.64397963756883,223.86337280273438,82543200
2022-10-27,223.59244061528798,226.15702697219044,218.50200154160817,219.44073486328125,40424600
2022-10-28,218.9471714496145,228.97321801422746,218.763293726381,228.26673889160156,40647700
2022-10-31,226.22472462576297,227.34733548815285,223.69885756884622,224.64727783203125,28357300
2022-11-01,227.03767812320683,228.1409296481597,220.0020223387947,220.81494140625,30592300
2022-11-02,222.06337802281334,223.8440621960301,212.94701812750728,213.00509643554688,38407000
2022-11-03,212.9953870246754,213.30507890075714,207.08234251389777,207.34364318847656,36633900
2022-11-04,210.53731016893326,214.4470748558158,206.55010773152472,214.25352478027344,36789100
2022-11-07,214.8341789629505,221.04722910682952,214.1470592473895,220.52462768554688,33498000
2022-11-08,221.32783708020688,224.18274067732156,218.56002878294467,221.4923553466797,28192500
2022-11-09,220.04071178794467,221.2601050748425,217.0987128396381,217.2729034423828,27852900
2022-11-10,227.84089369162848,235.48624560984527,227.42476185380536,235.14752197265625,46268000
2022-11-11,235.15723711883936,239.99606241623323,234.1313937515766,239.14442443847656,34620200
2022-11-14,234.18949089813225,236.0475981897714,231.4991049977139,233.763671875,31123300
2022-11-15,237.74116029609917,239.03796188941354,232.29263846364998,234.17010498046875,31390100
2022-11-16,235.62582643468144,236.60603316606853,233.32576434985185,234.59710693359375,24093300
2022-11-17,230.7636397185708,236.07223336578542,230.6180718084606,234.54855346679688,23123500
2022-11-18,236.3245938837583,236.5478177930803,231.9767921721455,234.1021728515625,27613500
2022-11-21,234.3059689787537,237.45036963154155,234.07306028423957,234.90768432617188,26394700
2022-11-22,236.40220193537894,238.0714497781423,233.60719434514203,237.79971313476562,19665700
2022-11-23,237.87737314142396,240.9538320187203,237.06216314669393,240.2744903564453,19508500
2022-11-25,240.01245273021934,241.36143645953254,239.44956540890726,240.18714904785156,9200800
2022-11-28,238.81873915133238,239.3719120438035,233.69454115958348,234.62620544433594,24778200
2022-11-29,234.27685297681788,235.6258367832805,231.18099474535325,233.23843383789062,17956300
2022-11-30,233.47133933183883,247.79580032500542,232.78228328422537,247.6114044189453,47594200
2022-12-01,246.37891746379069,248.56252551104194,243.51596765243588,247.1747283935547,26041500
2022-12-02,242.44842226131698,248.5042854543991,242.32225350861475,247.49497985839844,21528500
2022-12-05,244.57380398114145,246.33040780500264,240.74036165582413,242.8172149658203,23435300
2022-12-06,243.41890331596056,244.42820886485632,236.58662873937655,237.8870849609375,22463700
2022-12-07,237.60564320065706,238.89639979977625,235.0629579890975,237.15921020507812,20481500
2022-12-08,237.61533452681962,241.4002634352855,235.88785939315616,240.09979248046875,22611800
2022-12-09,237.4794517893177,240.98292942150877,236.95539248747858,238.17820739746094,20609700
2022-12-12,240.14833201376896,245.08813458227053,239.87659533709365,245.05902099609375,30665100
2022-12-13,253.96813536884156,256.13234388565945,245.6024963823434,249.33889770507812,42196900
2022-12-14,249.54270989920707,254.84158999041878,246.8059142850901,249.6300506591797,35410900
2022-12-15,246.2333334693487,246.69916567601095,240.04158720461845,241.6623077392578,35560400
2022-12-16,241.21587335248572,242.4678019516118,236.3245836806278,237.4697723388672,86102000
2022-12-19,237.63476384948163,237.97444210459676,231.66624165874438,233.35488891601562,29696400
2022-12-20,232.33584867761797,235.74228609848038,231.38477037827317,234.6650390625,25150800
2022-12-21,234.5583283609848,238.37235667490168,233.02494847536323,237.21746826171875,23690600
2022-12-22,234.14099458820857,234.84946471293264,226.96905623748663,231.16159057617188,28651700
2022-12-23,229.14292298446298,231.821476231181,227.03695660431103,231.68560791015625,21207000
2022-12-27,231.65654287895535,231.87975199416192,228.87123430992634,229.9678955078125,16688600
2022-12-28,229.89993593986588,232.64643111207874,227.26019552023155,227.6095733642578,17457100
2022-12-29,228.69652150065144,234.7815128184782,228.69652150065144,233.8983612060547,19770700
2022-12-30,231.18096089501935,232.87932229950997,229.67669497504897,232.7434539794922,21938500
2023-01-03,235.90726682667218,238.4984794551215,230.39486293780934,232.5105438232422,25740000
2023-01-04,225.4259409938991,225.9985278733158,219.2924376104367,222.33978271484375,50623400
2023-01-05,220.4958596008794,220.83553784778456,215.21637883212745,215.75015258789062,39585600
2023-01-06,216.4197883428899,219.09834182718123,212.8774972822173,218.29283142089844,43613600
2023-01-09,219.76800002138827,224.41666688908288,219.7291868413214,220.41822814941406,27369800
2023-01-10,221.0393201111181,224.48457072526574,220.62201553173728,222.09716796875,27033900
2023-01-11,224.4651868072137,228.98768506870852,224.29050527854426,228.81300354003906,28669300
2023-01-12,228.3180220940589,232.821105949786,226.6681880812586,231.4721221923828,27269500
2023-01-13,230.00670447846073,232.3067667845128,227.98807845959973,232.1708984375,21333300
2023-01-17,230.94806647820474,233.80131636600996,230.09402846864725,233.25784301757812,29831300
2023-01-18,234.44186787994613,235.22796439382358,228.57038560512123,228.85182189941406,30028700
2023-01-19,226.88168988104673,228.57035182284125,223.87315781209423,225.08627319335938,28623000
2023-01-20,227.92982862321074,233.63632824749806,227.59015038517927,233.1316680908203,35389800
2023-01-23,233.98570310784828,237.93559913009912,232.57847740404011,235.42202758789062,31934000
2023-01-24,235.34439747923588,236.75160844059997,233.3451855854794,234.89796447753906,40234400
2023-01-25,227.5610395748184,236.1207891156233,224.08667522306712,233.51016235351562,66526600
2023-01-26,236.4604658112775,240.98296392015405,234.85915928502237,240.68211364746094,33454500
2023-01-27,241.6429281386719,242.45813826853885,239.54666082597973,240.83741760253906,26498900
2023-01-30,237.2950768809861,238.35292478678218,235.05324194345323,235.54820251464844,25867400
2023-01-31,236.26637885801222,240.63359478813643,235.78113264355397,240.4977264404297,26541100
2023-02-01,240.68212262765826,247.6502511666021,238.2267779645673,245.29196166992188,31259900
2023-02-02,251.18288227448434,256.879668654006,249.65920190306966,256.7923278808594,39940400
2023-02-03,251.8815727441677,256.4040702889057,249.5135692294624,250.7266845703125,29077300
2023-02-06,249.84354121530777,250.67815038089995,247.26202813154237,249.19329833984375,22518000
2023-02-07,252.84238703481986,260.8392350360664,252.40565360237943,259.6649475097656,50841400
2023-02-08,265.1384914873045,268.5934414880708,258.354730598475,258.8594055175781,54686000
2023-02-09,265.72080730740066,265.8955184484022,255.0453909060254,255.84120178222656,42375100
2023-02-10,253.81282222305296,256.2972798694553,252.96849875330074,255.3365020751953,25818500
2023-02-13,259.742590569191,266.49720913120274,259.26702917112374,263.3139953613281,44630900
2023-02-14,264.6241010434973,266.8562210866009,261.3341185199705,264.13885498046875,37047900
2023-02-15,261.0547562578646,263.39950469785816,258.9726863891012,262.0276794433594,28922400
2023-02-16,256.8711344345461,259.5174863332623,254.8085423074043,255.05177307128906,29603600
2023-02-17,252.36652933438805,253.0475576685139,249.06830587586964,251.07252502441406,30000100
2023-02-21,247.58947974202172,248.5721416274502,244.77773242454728,245.8284912109375,28397400
2023-02-22,247.21000275326983,247.45323350449598,243.56154148487744,244.69985961914062,22491100
2023-02-23,248.64023054148305,249.88557094928385,243.69777930306105,247.8716278076172,29219100
2023-02-24,243.19187704458037,244.2037105882477,241.38223939221282,242.47190856933594,24990900
2023-02-27,245.62423176731875,245.97448476185974,242.63735000197872,243.38650512695312,21190000
2023-02-28,242.3259744546454,244.68044668021838,241.99516930320846,242.66648864746094,22491000
2023-03-01,243.97020688018864,244.13560203633548,239.1347775749903,239.60179138183594,27565300
2023-03-02,239.8742178244938,244.5928864350576,238.95966764159195,244.3107452392578,24808200
2023-03-03,245.36146516717056,248.69858408661656,244.58312376181246,248.3775177001953,30760100
2023-03-06,249.48666061100502,253.07674918507004,249.04884819003743,249.9147491455078,24109800
2023-03-07,249.36018084473946,250.71255821742662,246.528985881538,247.26840209960938,21473200
2023-03-08,247.16137194826737,247.6478334867659,244.01883456634258,246.83058166503906,17340200
2023-03-09,248.8931916251687,252.53191447494493,244.76799238551584,245.4879608154297,26653400
2023-03-10,244.28153159617614,245.94522176909533,240.89576339451983,241.85894775390625,28333900
2023-03-13,240.70116918441778,250.92660047438005,239.07638938766013,247.0446319580078,33339700
2023-03-14,249.79801983882402,254.00105499083594,248.93211882541823,253.7286376953125,33620300
2023-03-15,252.94050434838186,259.26450315131655,252.19133471855704,258.2526550292969,46028000
2023-03-16,258.0289586598438,269.07164313641664,256.1512239726221,268.7214050292969,54768800
2023-03-17,270.7256489942692,275.65834759698896,268.8381754027799,271.86395263671875,69527400
2023-03-20,269.48030285180215,269.96676449553627,262.5433550615518,264.8589172363281,43466600
2023-03-21,267.4370730210024,267.5538190277959,262.22219041795455,266.3668518066406,34558700
2023-03-22,265.99713606358097,273.4302818621783,264.8101688435891,264.9172058105469,34873300
2023-03-23,270.4142324494357,273.4497475874127,267.7484328177196,270.1418151855469,36610900
2023-03-24,269.7332324450906,273.03145651581804,267.8263111878216,272.97308349609375,28172000
2023-03-27,272.90495366822654,273.83895161321755,268.05978551317787,268.8965148925781,26840200
2023-03-28,268.32245293412296,268.66298193563654,264.68370058234905,267.7776184082031,21878600
2023-03-29,271.4066545555062,273.5276497515444,270.87155865821495,272.9147033691406,25087000
2023-03-30,276.53391335276035,276.7576666390423,273.85837511849326,276.3587646484375,25053400
2023-03-31,276.04753751584985,281.4375111990139,275.33729282077917,280.4937744140625,32766000
2023-04-03,278.7619010121522,280.46451634607917,276.26151134425334,279.45269775390625,24883300
2023-04-04,279.4527472277195,282.5855611844231,277.93498937950386,279.4040832519531,25824300
2023-04-05,278.11011480832366,279.3749031470758,275.2594568336865,276.6409912109375,22064800
2023-04-06,275.5415076837403,284.1713297291427,274.3934656981096,283.704345703125,29770300
2023-04-10,281.3791115118309,281.75856581319096,277.00095709388467,281.55426025390625,23103000
2023-04-11,278.0128548411792,278.2366379066347,274.0141540154808,275.1719055175781,27276600
2023-04-12,277.0788133677007,279.23870411334195,274.32542401576865,275.8139953613281,27403400
2023-04-13,275.91129524198396,282.05043844818863,275.5026841124763,281.9920654296875,24222700
2023-04-14,279.2289726922403,280.6689097907965,276.00859911070734,278.39227294921875,20987900
2023-04-17,282.0795713658837,283.7043659155023,278.41166217437114,280.98016357421875,23836200
2023-04-18,283.67522525510293,283.86008303886325,279.2386978273748,280.5618591308594,20161800
2023-04-19,278.2462667608946,281.22340905975057,276.8355460862607,280.6396789550781,17150300
2023-04-20,277.5262765736857,281.20392420443534,277.3608666050033,278.36297607421875,23244400
2023-04-21,277.2928600656761,278.5187231488767,275.3956478853203,278.0225524902344,21676400
2023-04-24,274.45190651995864,277.234482358,271.173160031667,274.14056396484375,26611000
2023-04-25,271.941745821894,273.9751515427264,267.91382992661585,267.9624938964844,45772200
2023-04-26,288.6662882525056,291.4585727273819,284.8037824567908,287.3722839355469,64599200
2023-04-27,287.9560271426598,296.9361172975543,287.25552138127716,296.57611083984375,46462600
2023-04-28,295.7783383038111,300.5651029592613,295.097280309873,298.9403381347656,36469600
2023-05-01,298.65820207273595,300.2440714597597,296.887474923344,297.286376953125,21294100
2023-05-02,299.426786321991,300.80832032877777,295.6810269045357,297.1404113769531,26404400
2023-05-03,298.3176970170622,300.25380462015016,295.8562025897096,296.1578063964844,22360800
2023-05-04,297.9479243875394,299.426786321991,295.1848266827128,297.1404113769531,22519900
2023-05-05,297.442082171176,303.5228521768905,296.03133165334634,302.23858642578125,28197100
2023-05-08,301.73263089775384,301.80074263730194,297.80201345372643,300.2926940917969,21318600
2023-05-09,299.66033160181695,301.6451031506541,298.0160890953245,298.6874084472656,21340800
2023-05-10,300.26351860842567,304.5249264836218,299.33925948976275,303.8536071777344,30078000
2023-05-11,301.7034867589505,302.695857722587,297.9674652772338,301.71319580078125,31680200
2023-05-12,302.14130111816417,302.23859938067807,298.2982721245842,300.6040954589844,19774700
2023-05-15,300.7306029224894,301.50892969880647,299.261479214083,301.0808410644531,16336500
2023-05-16,301.44072470865035,305.2156707578937,301.44072470865035,303.29901123046875,26730300
2023-05-17,304.49838322404014,306.5849748220485,302.98703781876026,306.16571044921875,24315000
2023-05-18,306.68249676156313,311.07998209113083,305.89270858681226,310.57293701171875,27276000
2023-05-19,308.83734438329236,310.7972045125446,308.47658062453104,310.3974304199219,27546700
2023-05-22,310.6509186565906,314.54135841802827,310.0756427593572,313.1665344238281,24115700
2023-05-23,312.04526511786804,314.66815212283035,307.3845270869392,307.394287109375,30797200
2023-05-24,306.8774884337067,308.6033161721185,304.8103574976606,306.0194396972656,23384900
2023-05-25,315.17511275761063,318.74379887860135,312.01596067772016,317.78826904296875,43301700
2023-05-26,315.93578216355667,325.08175858424073,315.7992905970698,324.5845031738281,36630600
2023-05-30,326.86597805939425,327.36323325803346,322.27347175530826,322.9462585449219,29503100
2023-05-31,323.9993131036145,327.5582389963064,319.16304457072476,320.1966247558594,45950600
2023-06-01,317.7980580790412,325.2084444667975,316.6182558412687,324.2821350097656,26773900
2023-06-02,325.9104672337744,329.0793797798021,324.25287030723234,327.0317687988281,25873800
2023-06-05,326.8563123114757,330.1129762401236,326.3102866082395,327.558349609375,21307100
2023-06-06,326.9634711655118,327.0024814933911,323.8823396547661,325.3546447753906,20396200
2023-06-07,323.37536016910263,326.14449888626166,314.45365769277373,315.31170654296875,40717100
2023-06-08,315.85773263123184,318.4903798108397,315.28245664141156,317.1448059082031,23277700
2023-06-09,316.8814888323344,321.75673881470783,316.3159729270914,318.6365966796875,22529000
2023-06-12,320.3819407440362,323.8141360540533,317.0472861489783,323.57037353515625,24260300
2023-06-13,326.12499527780267,328.5723804542734,322.1468041193806,325.9494934082031,22951300
2023-06-14,325.9982505458626,330.58099797009817,324.50642506625707,328.92340087890625,26003800
2023-06-15,329.0598609823398,341.11146383028944,328.7868481922745,339.4148864746094,38899100
2023-06-16,342.55463113018976,342.70088270371474,333.4184158445692,333.7889099121094,46552000
2023-06-20,330.8441729587754,333.54505041870027,327.48023896465304,329.6156005859375,26375400
2023-06-21,327.97752820350655,329.3036115330344,323.78482556024073,325.2376403808594,25117800
2023-06-22,325.78375659192324,331.6340575859297,325.02321865294914,331.2342834472656,23556800
2023-06-23,326.01765736840554,329.52784282060935,325.1303881799699,326.66119384765625,23146900
2023-06-26,325.39371033432894,327.72406452687306,320.29418775939905,320.4014587402344,21520600
2023-06-27,323.5800965917035,327.7630696544983,321.08397083431,326.2225036621094,24354100
2023-06-28,326.3102386492254,329.5474118113246,325.48144019271336,327.4705505371094,20259500
2023-06-29,326.358916320049,327.7239801143058,324.3210657707373,326.6904296875,16997000
2023-06-30,329.32312037613315,334.17887983586667,328.78685480648323,332.04351806640625,26832800
2023-07-03,330.7272007694062,332.3945278816647,328.17257461621756,329.55712890625,12508700
2023-07-05,326.72948429799266,333.1258095919121,326.37848059881856,329.713134765625,18172400
2023-07-06,328.88439044633213,334.432427956872,327.1293121494876,332.7553405761719,28161200
2023-07-07,330.8539462339244,333.2623207283037,328.5918232764179,328.80633544921875,21214800
2023-07-10,326.25171917261997,326.86600540201454,319.4166095021663,323.5508117675781,32791400
2023-07-11,322.80001130179477,324.5550891855568,318.8413111644658,324.1748352050781,26698200
2023-07-12,328.2017988317313,333.12578887236407,327.29500957576835,328.7868347167969,29995300
2023-07-13,331.0879956045949,335.16369770913235,330.56146024108614,334.11065673828125,20567200
2023-07-14,338.9176246633776,342.66181307865304,335.71946186556954,336.6262512207031,28352700
2023-07-17,337.05532509830556,338.33263840062307,333.6621696566182,337.1040954589844,20363900
2023-07-18,337.20153461943244,357.62884439822335,333.63287773911316,350.5207214355469,64738600
2023-07-19,352.72436118966306,353.4166384044317,343.6466474604791,346.22076416015625,39732900
2023-07-20,344.74842283159865,349.03863672095343,336.7530012262202,338.215576171875,33778400
2023-07-21,340.4387369530099,341.56003861838775,331.35126286647005,335.1929626464844,69405400
2023-07-24,337.2210384138867,338.2643490243122,333.76935318489967,336.4994812011719,26678100
2023-07-25,338.4495845575855,343.11035203179654,336.46050402116185,342.2230529785156,41637700
2023-07-26,332.92103651777114,336.0704583718103,324.7988542780453,329.34259033203125,58383700
2023-07-27,331.9850338749244,332.8138025679025,320.8401897883476,322.4685363769531,39635300
2023-07-28,325.3449259664994,331.52673900384514,324.85740099740747,329.9276428222656,28484900
2023-07-31,328.51383777853505,329.2743755389443,325.04263262807757,327.5387878417969,25446000
2023-08-01,326.8270321220212,330.093455775555,325.374217054016,327.9483337402344,18311900
2023-08-02,325.30588726504845,325.30588726504845,318.21725578875714,319.3288269042969,27761300
2023-08-03,317.8663510212776,321.6495503895118,317.81761041591994,318.5098876953125,18253700
2023-08-04,323.5996401737791,326.7783131025437,319.07539331182784,319.6019287109375,23741500
2023-08-07,320.17717126140934,322.8487988022052,319.3483727907042,321.8737487792969,17741500
2023-08-08,318.802307526203,320.54765518196075,314.94111824721926,317.9150085449219,22327600
2023-08-09,318.3245710835293,318.94858760325343,313.03978705069517,314.19036865234375,22373300
2023-08-10,317.88576445394,320.0698965106326,313.1665264082013,314.87286376953125,20113700
2023-08-11,312.2695059957332,314.36585743355505,311.2456856962181,313.00079345703125,24355500
2023-08-14,313.37138426545255,315.9747515213893,312.0940411840079,315.95526123046875,18836100
2023-08-15,314.9410999147791,316.9789505199591,312.8934892891786,313.82952880859375,16966300
2023-08-16,313.45825308321696,316.99543186990195,312.48113879078903,313.0674133300781,20698900
2023-08-17,313.2042327148122,314.50378164094593,308.9733110073384,309.62799072265625,21257200
2023-08-18,307.29264399147314,311.0936326512173,304.4199257759019,309.23712158203125,24755000
2023-08-21,310.65396660689254,315.3831966115051,309.78435031765304,314.5135803222656,24040000
2023-08-22,318.0507277854862,318.61744100027846,314.1031773769701,315.0802917480469,16084600
2023-08-23,316.40917150691627,321.66605140677217,316.0573948399172,319.5163879394531,21166400
2023-08-24,325.2325153533981,325.35954498918005,312.63749714645934,312.64727783203125,23281400
2023-08-25,314.1129268105896,317.91388582994176,311.50401857895207,315.58837890625,21684100
2023-08-28,318.207066953983,318.68584344960186,314.3572339791844,316.29193115234375,14808500
2023-08-29,314.5136087751781,321.45112744073015,314.5136087751781,320.8941650390625,19284600
2023-08-30,321.14816243481806,322.26205720426236,318.97896754783574,321.2654113769531,15222100
2023-08-31,321.6660497077852,323.33690686450706,319.30141990622377,320.2590026855469,26411000
2023-09-01,323.7277442108601,324.3921747944003,319.30141751711045,321.1383972167969,14942000
2023-09-05,321.47064520868975,327.18677054781415,321.13842988312655,325.91650390625,18553900
2023-09-06,325.75036744875047,326.80563776371406,322.62358978658284,325.2618103027344,17535800
2023-09-07,323.70825547986243,325.4572688809115,321.4999672739755,322.3598327636719,18381000
2023-09-08,322.53566438985524,328.4667555070914,321.92007759322064,326.6199951171875,19530100
2023-09-11,329.5220626550476,330.67508035139593,327.7534879124914,330.2060546875,16583300
2023-09-12,328.1345774558951,329.08237965274225,323.8939043767627,324.17724609375,17565500
2023-09-13,323.7277859536388,329.141008354495,323.59100543664357,328.36907958984375,16544400
2023-09-14,331.3882919194356,333.0591489375493,328.8673502748984,330.9486083984375,20267000
2023-09-15,329.20939816193993,329.6783939916595,322.1057573596053,322.6627197265625,37679800
2023-09-18,320.29809265490445,322.8385960925468,318.89104551464607,321.5292663574219,16834200
2023-09-19,318.7054676141424,321.8517776748913,317.08345387408724,321.1286926269531,16505900
2023-09-20,321.96898600781554,322.04714204193704,313.1749561204339,313.4289855957031,21436500
2023-09-21,311.95359703612553,317.90422099600227,307.7910795608823,312.2174072265625,35560400
2023-09-22,313.96642687422224,314.09345652566765,308.9147319725734,309.75506591796875,21447900
2023-09-25,309.34464808220946,310.39994834578414,307.7910397456029,310.2729187011719,17836000
2023-09-26,307.9180220612958,308.65085775757245,302.92495267803366,304.9964599609375,26297600
2023-09-27,305.1528159801847,307.1070447852302,302.6025617027996,305.6316223144531,19410100
2023-09-28,303.8728115871533,308.2600757204857,302.3680768122536,306.4621887207031,19683600
2023-09-29,310.4780935014134,312.1587314237549,307.77149741019485,308.52386474609375,24147300
2023-10-02,309.04173366618016,314.523360821819,307.96690188868587,314.4353942871094,20570000
2023-10-03,313.4875679533543,314.03477939534076,304.0877331522798,306.2178649902344,21033500
2023-10-04,306.84320351373003,312.7156700194833,306.81389127739357,311.6603698730469,20720100
2023-10-05,311.78745935358154,312.6571055637684,307.6933472507753,312.05126953125,16965600
2023-10-06,309.30558981860264,321.6563316821838,309.06131118825493,319.7705078125,25673600
2023-10-09,317.3179038998877,322.7408769349448,315.78382712320234,322.2718811035156,19891200
2023-10-10,323.38579530400693,323.5226056424412,320.17111018080624,320.8746337890625,20557100
2023-10-11,323.6300480505899,325.20321772099476,321.60744393030456,324.8123779296875,20063200
2023-10-12,323.00471335948436,325.99468102864705,321.1970457612764,323.5812072753906,19313100
2023-10-13,324.7732817040409,326.190079660526,318.8910340646987,320.2297058105469,21072400
2023-10-16,323.47370563502346,328.4472441018182,323.03402205271703,325.02734375,22158000
2023-10-17,322.0471280716989,325.8285559881701,319.91702585909127,324.4606018066406,18338500
2023-10-18,324.88074324116036,327.909803713785,320.78663169696983,322.5552062988281,23153600
2023-10-19,324.5485712503718,329.1703335138683,323.33695882729216,323.7375793457031,25052100
2023-10-20,324.12841643957864,324.3238512632102,318.0019193859901,319.1940002441406,25027700
2023-10-23,318.0214287466955,325.1152889172781,316.96615830256553,321.7833251953125,24374700
2023-10-24,323.7179740081932,324.24562410946174,320.1026687848026,322.9656066894531,31153600
2023-10-25,337.1239893295993,338.2770069491987,329.8933489527061,332.8735656738281,55053800
2023-10-26,332.7465382675552,333.8115893601042,319.45777677753637,320.38604736328125,37828500
2023-10-27,322.867891093588,329.0139487725961,320.8843501338627,322.2620849609375,29856500
2023-10-30,325.77974409067264,331.6815239306809,324.235886505314,329.5904846191406,22828100
2023-10-31,331.0952162716641,331.241777466002,327.0304168400943,330.37213134765625,20265300
2023-11-01,332.01371654234873,339.46910432501784,331.8769062105877,338.1499938964844,28158800
2023-11-02,339.29318001958046,340.8467882699962,336.87970636333785,340.3484802246094,24348100
2023-11-03,341.62854640879175,346.2796209573482,339.3811651738514,344.7259826660156,23637700
2023-11-06,345.36113640793855,349.35753118619317,345.2634189928444,348.3706359863281,23828300
2023-11-07,351.1749086935178,354.16487636600215,349.4454269438777,352.279052734375,25833900
2023-11-08,353.40276735497133,355.54265050853274,352.2986231921823,354.88800048828125,26767800
2023-11-09,354.0085034994957,356.44153841470893,352.1128993476677,352.43536376953125,24847300
2023-11-10,353.21708130319655,361.6300519453443,352.8067099465058,361.20989990234375,28042100
2023-11-13,359.7930947254669,360.03737334526807,357.5261819771122,358.288330078125,19986500
2023-11-14,362.5192275200011,363.4377174527681,358.9429851939613,361.796142578125,27683900
2023-11-15,363.51938712911283,365.3307238214912,359.4365366374243,361.94305419921875,26860100
2023-11-16,363.2060393855787,368.48338982170065,362.4423444484434,368.3071594238281,27182300
2023-11-17,365.800587792621,366.54471142393174,359.3287679224242,362.11920166015625,40157000
2023-11-20,363.46060991672704,370.95070053235196,363.24520725093254,369.55059814453125,52465100
2023-11-21,367.8176325584251,368.3561243217149,363.3627202596963,365.27197265625,28423100
2023-11-22,370.0988544984735,371.8514473874102,367.13219027268104,369.9519958496094,23345300
2023-11-24,369.4428252465004,370.06946195265203,367.29862933432463,369.5407409667969,10176600
2023-11-27,368.9044009726802,372.683733332582,368.336537498751,370.6961364746094,22179200
2023-11-28,370.4416329997911,374.994431479148,370.2556020402747,374.7007141113281,20453100
2023-11-29,375.7385563254902,376.2672475889846,369.55065146948715,370.9311828613281,28963400
2023-11-30,370.5786340328009,372.1451961390215,367.6217700935787,370.9898681640625,30554400
2023-12-01,368.884854564053,370.2555853515813,363.5487602115402,366.681884765625,33040500
2023-12-04,361.3849305128498,361.79613477265366,355.3145134346435,361.4241027832031,32063300
2023-12-05,358.7903592232799,365.2817517868028,357.9776914107373,364.73345947265625,23065000
2023-12-06,365.7321604216408,366.3587674073999,360.33732257448145,361.0912170410156,21182100
2023-12-07,360.5331119373255,363.68580733396766,358.6630319776083,363.1962585449219,23118900
2023-12-08,361.4828850941495,366.6329187107603,360.53315912391304,366.4077453613281,20154400
2023-12-11,360.7778775179064,363.8326571061726,358.44762055822775,363.5389099121094,27708800
2023-12-12,363.09832185609827,366.59370717928465,362.7164594804309,366.5545349121094,24838300
2023-12-13,368.16027437565873,369.7464376106383,363.0200118977458,366.5447692871094,30955500
2023-12-14,365.50693426286074,365.9475401487158,356.5188251808004,358.28118896484375,43277500
2023-12-15,359.1819317961551,364.6159110894826,358.6238390376856,362.9808349609375,78502300
2023-12-18,361.72762335454945,365.2034079122954,360.97369907312446,364.8607177734375,21802900
2023-12-19,363.7250161772289,365.4580383300781,362.1095108541582,365.4580383300781,20603700
2023-12-20,367.1616214647713,368.1700908565403,362.78505374172363,362.8731689453125,26316700
2023-12-21,364.7726511936181,366.58398798641923,362.3053356484184,365.732177734375,17708000
2023-12-22,365.8691539017797,367.3378001809741,364.9194281127133,366.7503356933594,17107500
2023-12-26,367.1616249726416,369.0610768362086,365.69297847275107,366.8287353515625,12673100
2023-12-27,365.87894525127507,367.22030403850823,365.0173346750331,366.2510070800781,14905400
2023-12-28,367.5238756999293,368.5910885400905,366.33917592392487,367.4357604980469,14327000
2023-12-29,368.140698335078,369.2764551389083,365.67338313483896,368.17987060546875,18730800
2024-01-02,366.045381402949,368.04274869324354,359.1035836301592,363.1178894042969,25258600
2024-01-03,361.2967846745382,365.45794912599047,360.8072359155438,362.8535461425781,23083500
2024-01-04,362.92209250603474,365.3012923191343,359.49525117073273,360.2491455078125,20901500
2024-01-05,361.2576105124301,364.2830182415826,358.8392384604967,360.0631103515625,21004600
2024-01-08,361.58071261682426,367.35741205524755,361.2967958412056,366.8580627441406,23134000
2024-01-09,364.23407123187167,368.13086016631314,363.43120410921466,367.93505859375,20830000
2024-01-10,368.50297659226095,376.1399561660862,368.45403366179033,374.7691955566406,25514200
2024-01-11,377.93166039806545,382.5138298348758,372.42913685903,376.5903015136719,27850800
2024-01-12,377.43234537080764,380.55566927985785,376.6099069263744,380.3500671386719,21661200
2024-01-16,385.43158211314164,385.7938434606626,379.51782397721394,382.1124267578125,27202300
2024-01-17,379.87028626114164,381.9557389879291,376.7665338147622,381.3291320800781,22234100
2024-01-18,383.532061895315,385.7546023940902,381.96549996839235,385.6371154785156,23392100
2024-01-19,387.4877057228784,390.3368835449219,385.27493541414515,390.3368835449219,29331100
2024-01-22,391.6586277842315,392.2460923450514,385.36303712070327,388.2220153808594,27016900
2024-01-23,387.47792092588605,391.03205041405533,385.6959559124731,390.56207275390625,20525900
2024-01-24,393.1468390669837,397.1513444657461,392.07962632176026,394.1455078125,24867000
2024-01-25,395.8687958055948,398.5025710526844,394.1162025271926,396.40728759765625,21021200
2024-01-26,395.917682766026,397.68007633393063,394.01823107466254,395.48687744140625,17803300
2024-01-29,397.57238286313674,401.41045873539736,395.8785331996652,401.1558837890625,24510200
2024-01-30,403.64283177462937,404.41629745270484,397.9542764658384,400.0495300292969,33477600
2024-01-31,398.45353212037105,406.6388032074163,388.90733097100707,389.26959228515625,47871100
2024-02-01,393.4308049580275,399.4718507500115,393.40143322301293,395.3400573730469,30657700
2024-02-02,395.3693650314836,404.02458347610695,395.1245906528018,402.6244812011719,28256700
2024-02-05,401.33212452419457,402.5657971362689,395.5456537728456,397.17095947265625,25352300
2024-02-06,397.39614463854895,399.4424550677267,394.4882235276778,397.0142822265625,18382600
2024-02-07,398.92347427594905,405.6400685561608,398.88430201096446,405.3952941894531,22340500
2024-02-08,405.3953580956046,406.8738050650789,403.90714046810643,405.4541015625,21225300
2024-02-09,406.57025541446654,412.02383590927224,406.4135962217608,411.75946044921875,22032800
2024-02-12,411.7693143498308,411.9455447595813,406.0807592685953,406.5801086425781,21202900
2024-02-13,396.4758057908408,401.4985815288795,394.9582163813525,397.82696533203125,27824900
2024-02-14,400.27921574475005,402.01541247950905,396.8460370500132,401.6720886230469,20401200
2024-02-15,400.34788638470263,401.3189759217452,396.5713838346197,398.79803466796875,21825500
2024-02-16,400.17130014605374,400.4950166150196,395.737605866878,396.34576416015625,22296500
2024-02-20,395.5414273661721,396.76756266074034,390.4112964520626,395.10003662109375,24307900
2024-02-21,392.53007321174096,394.60959394201785,389.63638185870155,394.5016784667969,18518900
2024-02-22,402.3587758261095,404.9483581581281,400.7697091781749,403.7908935546875,27009900
2024-02-23,407.7342094849189,407.9205545415364,401.16211120377085,402.5059509277344,16295900
2024-02-26,403.60445096908654,404.29109863437077,399.58272164729414,399.7593078613281,16193500
2024-02-27,400.2007433350152,400.5244598178457,396.13979878680874,399.70050048828125,14835800
2024-02-28,400.38709194736896,401.48570431449235,397.5817089338175,399.9358825683594,13183100
2024-02-29,400.8383181687279,406.2921650523384,398.1702468207432,405.74285888671875,31947300
2024-03-01,403.4180998812608,407.93028353505224,403.03556125394095,407.5673522949219,17823400
2024-03-04,405.54668869062186,409.38204334564557,404.4480762959748,406.9984436035156,17596000
2024-03-05,406.0567462440755,406.3412180011649,392.991071894389,394.9626770019531,26919200
2024-03-06,395.2765339863949,397.4247250969949,390.7839881082766,394.413330078125,22344100
2024-03-07,398.3664344564578,401.9565620702222,394.56050584072034,401.32879638671875,18718500
2024-03-08,400.1712786506048,402.58433424165736,396.61057729290076,398.4645080566406,18002200
2024-03-11,396.05149669102667,397.9348236347475,393.5992262388283,396.7969665527344,16120800
2024-03-12,399.83777202306123,407.6360037253644,399.02363143663507,407.3515319824219,22457000
2024-03-13,410.11771230614136,410.1961717884516,403.5946789555971,407.17498779296875,17115900
2024-03-14,412.21684262615895,419.6521433696343,410.009799228429,417.1017761230469,34157300
2024-03-15,411.28501994441507,414.53182378938754,404.9091164524236,408.4698181152344,45079900
2024-03-18,406.3412048651448,412.6975005120342,405.8801768330178,409.35260009765625,20106000
2024-03-19,409.8528340561438,413.61954764814055,407.61636469929994,413.364501953125,19837900
2024-03-20,413.94325853489937,417.8276466076136,412.62884514501485,417.1116027832031,17860100
2024-03-21,421.62378632435974,422.5949058623587,419.0047780206844,421.1725769042969,21296200
2024-03-22,421.49625883993525,421.6531778067011,417.9355573407252,420.5545654296875,17648500
2024-03-25,417.1213703760103,419.24995422394994,413.5606690168653,414.78680419921875,18060500
2024-03-26,417.48430243445387,417.85705232022457,413.3056540804049,413.59991455078125,16725600
2024-03-27,416.33666794000516,416.34648660093063,411.0103437373624,413.3841247558594,16705000
2024-03-28,412.9230609501764,413.81569090376234,411.1181936577938,412.6876525878906,21871200
2024-04-01,415.8559836386378,419.7207637863725,414.15900191977937,416.4641418457031,16316000
2024-04-02,412.0893875977787,414.3160686838876,409.8627364466167,413.3940124511719,17912000
2024-04-03,411.7166269488562,415.17923184367993,411.0888313055727,412.4228820800781,16502300
2024-04-04,416.8761903565226,420.4859554910503,409.59786785676073,409.9019470214844,19370900
2024-04-05,411.9912731648726,418.36717662742586,410.33353586981326,417.39605712890625,16554800
2024-04-08,417.0527692258899,419.12247124179834,415.21844567326013,416.48382568359375,14272400
2024-04-09,418.2984589003378,419.5736274756939,413.5704746022745,418.1415100097656,12496900
2024-04-10,414.12962029851764,415.9344877287147,411.68716854848634,415.17919921875,16216600
2024-04-11,417.69033834286756,421.1725504908495,414.2963744060529,419.7600402832031,17966400
2024-04-12,415.95410040174403,417.06253143112855,411.75581460240056,413.84515380859375,19253800
2024-04-15,418.45542004596757,418.6712210349568,405.53684662340567,405.74285888671875,20273500
2024-04-16,406.6550977488978,410.4119627811132,405.8311384974836,406.6648864746094,16765600
2024-04-17,409.28398181705415,410.88286711080787,402.49608331512337,403.9772644042969,15855500
2024-04-18,402.7903496970384,404.02630364117994,396.23788993068626,396.5517578125,21029900
2024-04-19,396.3163237053195,397.73865251494925,390.17582902876677,391.50006103515625,30565800
2024-04-22,392.4416972104412,395.15883179011223,388.1943783333411,393.3049011230469,20286900
2024-04-23,396.52234656320184,400.40676483693346,395.3648819975192,399.7887878417969,15734500
2024-04-24,401.7407592748994,404.5952057239604,399.01383568119996,401.25030517578125,15065300
2024-04-25,386.507271018032,392.25540884693,380.6218216022703,391.421630859375,40586500
2024-04-26,404.30097191316094,405.1151126000372,398.0133463554319,398.5626525878906,29694700
2024-04-29,397.5130370183344,398.562615947593,391.56873588609426,394.5703125,19582100
2024-04-30,393.82481984555585,394.4820415046003,381.74005368851095,381.89697265625,28781400
2024-05-01,385.11439972061993,394.050490048908,382.8583225669511,387.3999328613281,23562500
2024-05-02,390.0679505478797,392.29460134045365,387.11540734616494,390.2445068359375,17709400
2024-05-03,394.5997959874596,399.3768146946621,394.1878013235466,398.89617919921875,17446700
2024-05-06,400.9560656726651,406.02734455936377,398.61168058742396,405.6448059082031,16996600
2024-05-07,406.74340224425765,406.75322090554647,401.27973632622934,401.52496337890625,20018200
2024-05-08,400.37733960441915,404.3598247646084,398.9451919846881,402.70208740234375,11792300
2024-05-09,402.73146980472023,404.84041635842834,401.2895336143813,404.44805908203125,14689700
2024-05-10,405.05627644521434,407.4496950958414,403.9380266126503,406.8218994140625,13402300
2024-05-13,410.029454744504,410.3629599472109,402.9767222457907,405.82135009765625,15440200
2024-05-14,404.1537549120692,409.51932355356394,403.6927268958918,408.6070861816406,15109300
2024-05-15,410.6608977071615,416.46852499785643,410.0418061194269,415.75115966796875,22239500
2024-05-16,414.49335406459187,418.05067177577746,413.0684896947791,413.6973876953125,17530100
2024-05-17,415.2205329091171,415.5939551336606,410.7886480687753,412.9308776855469,15352200
2024-05-20,412.9308753558347,419.3772369114519,412.71468512121004,417.9720153808594,16272100
2024-05-21,419.43623228216074,425.46988664412265,417.49054998726376,421.60797119140625,21453300
2024-05-22,422.63977275649836,424.91959180983645,419.7310556819618,423.06231689453125,18073700
2024-05-23,425.4698570651074,426.0889486573305,418.05065430726955,419.603271484375,17211700
2024-05-24,419.7899431397051,423.5928997185354,417.0581012828734,422.70849609375,11855300
2024-05-28,422.18776429444347,423.3571529882785,419.210252491479,422.8658142089844,15718000
2024-05-29,418.3159892619867,423.4750461602697,418.3159892619867,421.7357177734375,15517100
2024-05-30,416.95003623481153,416.95003623481153,407.0643033400361,407.48687744140625,28394500
2024-05-31,409.53083651523417,409.53083651523417,397.5028738526741,407.93890380859375,47995300
2024-06-03,408.33200300435846,409.21640680558284,401.8365187640821,406.3568115234375,17484700
2024-06-04,405.2856495851976,409.226195718034,402.58328662384173,408.86260986328125,14348900
2024-06-05,410.57248754759564,416.7338647316788,409.0886349128657,416.66510009765625,16988000
2024-06-06,416.66505364933033,417.942522272772,413.294447378338,417.16619873046875,14861300
2024-06-07,418.8172023955245,418.89580340788024,415.67262210037114,416.5079040527344,13621700
2024-06-10,417.34318081391007,420.6646058483147,416.54721437209554,420.458251953125,13982900
2024-06-11,418.10961578141064,425.3224647271418,417.8835891699695,425.18487548828125,14551100
2024-06-12,427.7791794767063,435.71920053687387,425.7450298401941,433.41973876953125,22366200
2024-06-13,433.21335923548196,435.709368351957,431.7589858154619,433.9306945800781,15960600
2024-06-14,430.68790003484014,435.4637283515464,429.15492551069684,434.9035949707031,13582000
2024-06-17,434.9232741023748,443.12863803595843,433.0856717940259,440.6031494140625,20790000
2024-06-18,441.9198947788086,442.34246889984814,437.18341197055486,438.6082763671875,17112500
2024-06-20,438.5689526211533,438.79497924029823,433.6260860366594,437.9793701171875,19877400
2024-06-21,439.63028836717615,442.77483854275334,438.7753636944757,441.98870849609375,34187100
2024-06-24,442.00833058442447,444.9072412251996,438.677069430459,439.9152526855469,15913700
2024-06-25,440.4852168409384,443.60031790530934,439.01120049902784,443.1384582519531,16413400
2024-06-26,441.2221891732116,445.7425115856911,440.42622281234816,444.32745361328125,16507000
2024-06-27,444.3471165440364,448.2680202655606,443.94421515967235,445.0055236816406,14806300
2024-06-28,445.22168389223947,447.49166642517747,438.6770484115445,439.20770263671875,28362300
2024-07-01,440.88808384173325,449.447196335744,437.94005138791704,448.81829833984375,17662800
2024-07-02,445.3494912239479,451.62878536550966,445.26102385148636,451.32415771484375,13979800
2024-07-03,450.25300481306164,453.03396893483153,449.94837718806366,452.7882995605469,9932800
2024-07-05,451.6484251718753,460.2370475569388,451.01952711906966,459.4607238769531,16000300
2024-07-08,458.4682018620652,459.59830504287737,456.41440936822374,458.16357421875,12962300
2024-07-09,458.9104170237532,459.23468742094946,450.0663190511327,451.57965087890625,17207200
2024-07-10,453.2305038870679,458.37972423311413,450.91136946375343,458.1733703613281,18196100
2024-07-11,454.9600551032178,456.72886266734906,443.7280281074878,446.823486328125,23111200
2024-07-12,446.45981604032585,448.4546499899947,442.84357035631416,445.6933288574219,16324300
2024-07-15,445.44771219074863,449.3391368001631,443.61011000854984,446.0962829589844,14429400
2024-07-16,446.35175028412175,446.430351284593,438.92271119875926,441.733154296875,17175700
2024-07-17,434.92318387202874,437.14404437719276,431.5722503624344,435.8370666503906,21778000
2024-07-18,436.6428994208888,436.94752703468305,426.8750830594602,432.7416687011719,20794800
2024-07-19,425.5976003585523,433.4983352820313,424.51664918921864,429.5381164550781,20940400
2024-07-22,434.1370778123692,436.89839903999433,431.3069619660928,435.26715087890625,15808800
2024-07-23,436.21051790501895,440.6227600869156,435.4243879336588,437.1440734863281,13107100
2024-07-24,432.82024770099764,433.83240416468607,420.1830014763253,421.4703063964844,26805800
2024-07-25,421.37209200547386,422.3547694868196,410.2776848331151,411.1522521972656,29943800
2024-07-26,410.9557819937685,421.49008700580964,410.04186903933714,417.9032897949219,23583800
2024-07-29,424.10397494654256,424.6641083620649,417.3431784161,419.3380126953125,15125800
2024-07-30,420.3108034246303,421.6177512482942,410.13024936818454,415.5939636230469,32687600
2024-07-31,413.21586942488864,414.47369536650564,405.0694649339739,411.1031188964844,42891400
2024-08-01,413.5008583778063,420.05530026736574,405.9342299111822,409.88458251953125,30296400
2024-08-02,405.3446197900361,407.81114983489476,397.3358044115477,401.4139099121094,29437900
2024-08-05,382.4285705967925,394.09294634268963,378.90073239916643,388.3049621582031,40709200
2024-08-06,393.0710638577348,398.6428593830528,391.5970473682683,392.68780517578125,24946500
2024-08-07,401.5613886423986,402.9764167958112,390.58486666117705,391.5282287597656,20650900
2024-08-08,395.46871662305415,398.8294567188382,393.0120229903142,395.7143859863281,20203000
2024-08-09,397.03117577316215,400.9815283942931,395.2918474526737,398.9866943359375,19276700
2024-08-12,400.008700380632,401.6792641246606,397.23754263585204,399.7630310058594,16762900
2024-08-13,402.49487016333154,407.7620371122612,402.475227409518,406.83831787109375,19414300
2024-08-14,407.61460282522484,410.484034234621,405.30533476037385,409.638916015625,18267000
2024-08-15,413.27153919674845,414.56116454959863,411.16483466760724,414.482421875,20752100
2024-08-16,414.05913029915934,414.787612725286,410.8104315549657,411.9622497558594,22775600
2024-08-19,412.4446299731582,415.19125033166955,409.9835081573214,414.97467041015625,15234000
2024-08-20,415.14201975205145,419.23729981689326,415.082955234779,418.19378662109375,16387600
2024-08-21,417.48497282390196,419.7689009161739,415.1616884163413,417.5440673828125,16067300
2024-08-22,417.7606059891525,420.1528389914807,408.1622318516386,409.0876159667969,19361900
2024-08-23,410.4954583139899,412.74000030450156,405.68148941527863,410.30841064453125,18493800
2024-08-26,409.89490950861074,410.7907614506505,404.94313363943934,407.0596923828125,13152800
2024-08-27,406.43949576869113,407.9161688910183,403.8700989564779,407.4042663574219,13492900
2024-08-28,408.42810007077503,408.54622911327857,400.975815861933,404.21466064453125,14882700
2024-08-29,408.48716903331825,415.4865852646763,404.2146650393698,406.6954650878906,17045200
2024-08-30,409.1368642535232,410.99745657650817,405.7208262421071,410.6529235839844,24308300
2024-09-03,411.4109125689516,413.35027748692255,400.7001071362785,403.0726318359375,20313600
2024-09-04,399.5975240045065,404.8446216814279,398.08146478954603,402.541015625,15135800
2024-09-05,401.28095677141835,406.67574622741506,399.8141378862011,402.03900146484375,14195500
2024-09-06,402.6985921439958,404.2638620080845,394.56703607993364,395.45306396484375,19609500
2024-09-09,400.9068736495872,402.2949499033103,395.89603343829765,399.4105224609375,15295100
2024-09-10,401.8519747424291,409.85551750473985,401.3597503882825,407.7586669921875,19594300
2024-09-11,409.03843011648604,417.39638986900843,403.21048066101315,416.461181640625,19266900
2024-09-12,416.72697057085117,420.7238298297295,413.2223356546228,420.3595886230469,17395700
2024-09-13,419.2077526362247,425.1144444971336,418.84351144501346,423.89373779296875,15874600
2024-09-16,423.90362815097126,426.7880557127787,421.5606353721957,424.6321105957031,13834700
2024-09-17,433.3838900790578,434.9786922694464,425.54765628869114,428.38287353515625,18874200
2024-09-18,428.235163297131,429.249144206207,423.7165475930165,424.1103210449219,18898000
2024-09-19,434.3682752397946,434.63406555161,430.10559589287107,431.8677673339844,21706600
2024-09-20,430.4206328981448,432.409208323067,427.4672869965637,428.5009460449219,55167100
2024-09-23,427.52638627626743,429.67247726227924,423.6968964015023,426.76837158203125,15128900
2024-09-24,426.26630559260894,426.61086866115505,419.4736152765213,422.4958801269531,17015800
2024-09-25,423.1455340479856,426.38437839634133,421.9051492250097,425.39007568359375,13396400
2024-09-26,428.32378449228514,428.5305103087993,422.45647860828996,424.6025695800781,14492000
2024-09-27,424.80927883764434,425.1341637224931,420.8222737453315,421.36370849609375,14896100
2024-09-30,421.55078212730024,423.7264354508624,418.75495134014767,423.6082763671875,16807300
2024-10-01,421.78703621784,421.81656847562806,412.2969368087723,414.147705078125,19092900
2024-10-02,416.00832438993655,416.24461251055664,410.22961524498584,410.6430969238281,16582300
2024-10-03,411.1353013004486,413.02542591560956,407.84724636027164,410.062255859375,13686400
2024-10-04,411.7357819472086,413.2223089798081,408.5166457695598,409.5896911621094,19169700
2024-10-07,409.5306729821077,410.6233966552464,402.6395318501973,403.171142578125,20919800
2024-10-08,404.51002500348955,409.1960111264168,401.8224988801592,408.2607727050781,19229300
2024-10-09,409.3928325735408,413.8425600403991,407.857094965171,410.96795654296875,14974300
2024-10-10,408.77260867644156,410.8596349305785,406.72493873590105,409.37310791015625,13848400
2024-10-11,409.6684790592566,410.6430736171545,406.8234080163179,409.8456726074219,14144900
2024-10-14,411.27310627026066,417.4456186019399,411.02699410502277,412.621826171875,16653100
2024-10-15,415.61450241094855,415.90985501650863,408.80213492837686,412.2279968261719,18900200
2024-10-16,408.7135954364056,409.88506179410496,404.0965284555642,409.6488037109375,15508900
2024-10-17,415.7917465890575,415.9295838303706,409.127039576057,410.2394714355469,14820000
2024-10-18,410.6529166681237,413.1238623045801,409.7865970653071,411.65704345703125,17145300
2024-10-21,409.6487883889798,412.44461909285747,407.31564977599334,412.2674255371094,14206100
2024-10-22,411.9819175179694,423.8838984262341,411.53893363879695,420.8616638183594,25482200
2024-10-23,424.1595460644349,424.37612597688815,415.95910173602493,417.9969177246094,19654400
2024-10-24,418.7155536346828,419.35546932603506,415.83112614516494,418.1249084472656,13581600
2024-10-25,420.1233311665373,425.7937351729216,419.9362835126177,421.49169921875,16899100
2024-10-28,424.9470943239702,425.2227387354677,419.6704341057476,419.9559326171875,14882400
2024-10-29,421.3440208086144,426.43363353122214,419.17822176857095,425.23260498046875,17644100
2024-10-30,430.63729724763886,431.68081060072564,425.3803441170904,425.80364990234375,29749100
2024-10-31,408.9005934690843,409.6881704469,399.9814907408766,400.0307312011719,53971000
2024-11-01,402.6494147801429,409.0384779018434,401.162887472927,403.9882507324219,24230400
2024-11-04,403.42703719981586,404.0374205874987,399.26283871579096,402.1078796386719,19672300
2024-11-05,402.019305938334,408.4477546696806,401.73380740675793,405.0612487792969,17626000
2024-11-06,406.00632872643234,413.91145024796907,404.1358522419557,413.6456298828125,26681800
2024-11-07,414.72850912180576,420.21189508853655,413.3502870767265,418.81396484375,19901800
2024-11-08,418.7057912540039,419.86743368435936,415.2208339199428,415.9690246582031,16891400
2024-11-11,415.94927334689254,418.20366938728347,409.5306783384117,411.5094299316406,24503300
2024-11-12,411.7456911405818,417.8394313280264,410.7120319666306,416.45135498046875,19401200
2024-11-13,415.0829505962656,422.65333320998997,411.70626883397995,418.58758544921875,21502200
2024-11-14,418.3906594438851,421.5113747579457,413.4684163916041,420.25128173828125,30246900
2024-11-15,413.2912534776132,416.2248913266483,407.2073678244848,408.54620361328125,28247600
2024-11-18,408.4182293083614,411.8933320342017,405.6913172118432,409.2944030761719,24727000
2024-11-19,406.68560375296545,411.4405079817959,405.1498661250552,411.2928466796875,18133500
2024-11-20,410.38713903081657,410.8006207181085,404.19494808048387,409.0285949707031,19191700
2024-11-21,413.80287334750346,414.07906953202513,404.717960528392,407.2629089355469,20780200
2024-11-22,405.7832472742104,411.73135363774225,405.4774597411712,411.3367919921875,24814600
2024-11-25,412.698073057269,415.36138685697927,409.21601445717323,413.1025085449219,27691100
2024-11-26,413.8915760258211,423.21324832489495,413.1616355433923,422.177490234375,23458900
2024-11-27,419.33665679394954,421.42789081016514,416.28862504102557,417.2454528808594,18332400
2024-11-29,414.384878235964,419.10983509030467,412.12596962038367,417.7091064453125,16271900
2024-12-02,415.84474493949193,427.1195090506518,415.58826631722377,425.126953125,20207200
2024-12-03,424.0024483022702,426.59673575541547,421.9309618493427,425.343994140625,18302000
2024-12-04,427.1490975254907,433.698935348809,426.754535872994,431.4794921875,26009400
2024-12-05,431.97270407918,438.6211597736825,430.2464705000807,436.6088562011719,21697800
2024-12-06,436.29321828806303,440.04162946603964,435.7704172944161,437.5459899902344,18821000
2024-12-09,436.5891705079944,442.2413336019405,434.51768404131514,439.96270751953125,19144400
2024-12-10,438.3548361326827,443.51378920495125,435.6027181772746,437.3092041015625,18469500
2024-12-11,438.01948123467236,444.23394093068583,438.01948123467236,442.89239501953125,19200200
2024-12-12,443.0106891858234,449.96496224230685,443.0106891858234,443.45458984375,20834800
2024-12-13,442.34986354702323,445.2992475559922,439.5286887575998,441.19573974609375,20177800
2024-12-16,441.19569319284585,446.039014950384,439.23272866925197,445.45703125,23598800
2024-12-17,444.8849575716068,449.1068307764244,443.4645114369834,448.2880859375,22733500
2024-12-18,445.19070178831043,446.50262602359174,431.08488976149135,431.44989013671875,24444500
2024-12-19,435.6224173363725,437.1612287919841,430.39440791706704,431.0947570800781,22963700
2024-12-20,427.22800034083093,437.7136411325363,422.80886164173944,430.6706237792969,64263700
2024-12-23,430.80871372187636,431.70635881030796,426.9518110200716,429.3389587402344,19152500
2024-12-24,428.74712104240933,433.6299083717355,428.2933766162313,433.3635559082031,7164500
2024-12-26,433.11689244443306,434.95164765481866,430.7001836707867,432.1600646972656,8194200
2024-12-27,428.6978084898888,429.3093836032803,420.5598497453618,424.6830749511719,18117700
2024-12-30,420.2737923808389,421.7435474622816,416.17028459927946,419.06048583984375,13158700
2024-12-31,420.313230174155,420.9346790911402,414.94710727917607,415.77569580078125,13246500
